time,filter,magnitude,error
57416.87904,OGLE-I,13.719,0.003
57424.86944,OGLE-I,13.724,0.003
57425.86495,OGLE-I,13.72,0.003
57427.85818,OGLE-I,13.716,0.003
57428.85697,OGLE-I,13.716,0.003
57429.85078,OGLE-I,13.72,0.003
57431.85049,OGLE-I,13.719,0.003
57432.85912,OGLE-I,13.718,0.003
57433.85704,OGLE-I,13.716,0.003
57434.84652,OGLE-I,13.724,0.003
57435.86066,OGLE-I,13.715,0.003
57435.89019,OGLE-I,13.721,0.003
57436.85815,OGLE-I,13.721,0.003
57436.8853,OGLE-I,13.721,0.003
57437.83899,OGLE-I,13.721,0.003
57437.89105,OGLE-I,13.72,0.003
57438.8528,OGLE-I,13.709,0.003
57438.88622,OGLE-I,13.716,0.003
57439.85024,OGLE-I,13.714,0.003
57439.88888,OGLE-I,13.717,0.003
57440.84342,OGLE-I,13.725,0.003
57440.88682,OGLE-I,13.731,0.003
57441.85059,OGLE-I,13.718,0.003
57441.88867,OGLE-I,13.723,0.003
57442.84458,OGLE-I,13.721,0.003
57442.8873,OGLE-I,13.72,0.003
57443.84858,OGLE-I,13.716,0.003
57444.82613,OGLE-I,13.718,0.003
57444.89142,OGLE-I,13.716,0.003
57445.84035,OGLE-I,13.716,0.003
57445.87369,OGLE-I,13.719,0.003
57446.81337,OGLE-I,13.719,0.003
57446.84724,OGLE-I,13.72,0.003
57446.88715,OGLE-I,13.726,0.003
57447.81805,OGLE-I,13.716,0.003
57447.85845,OGLE-I,13.713,0.003
57447.89663,OGLE-I,13.718,0.003
57448.83553,OGLE-I,13.716,0.003
57448.8801,OGLE-I,13.724,0.003
57449.82335,OGLE-I,13.72,0.003
57449.84714,OGLE-I,13.716,0.003
57449.87758,OGLE-I,13.72,0.003
57451.81954,OGLE-I,13.719,0.003
57451.8436,OGLE-I,13.713,0.003
57451.88854,OGLE-I,13.719,0.003
57452.81425,OGLE-I,13.72,0.003
57452.85924,OGLE-I,13.722,0.003
57452.90553,OGLE-I,13.724,0.003
57453.82626,OGLE-I,13.727,0.003
57453.88015,OGLE-I,13.728,0.003
57454.84831,OGLE-I,13.717,0.003
57454.87194,OGLE-I,13.719,0.003
57455.79048,OGLE-I,13.714,0.003
57455.84538,OGLE-I,13.718,0.003
57455.89913,OGLE-I,13.712,0.003
57456.81961,OGLE-I,13.713,0.003
57456.8748,OGLE-I,13.714,0.003
57457.78513,OGLE-I,13.709,0.003
57457.83087,OGLE-I,13.716,0.003
57457.8859,OGLE-I,13.717,0.003
57458.79244,OGLE-I,13.718,0.003
57458.84,OGLE-I,13.719,0.003
57458.89499,OGLE-I,13.722,0.003
57460.79665,OGLE-I,13.717,0.003
57460.85449,OGLE-I,13.722,0.003
57460.89967,OGLE-I,13.722,0.003
57461.81168,OGLE-I,13.716,0.003
57461.86596,OGLE-I,13.72,0.003
57462.76785,OGLE-I,13.708,0.003
57462.81338,OGLE-I,13.718,0.003
57462.8723,OGLE-I,13.724,0.003
57463.8023,OGLE-I,13.715,0.003
57463.87211,OGLE-I,13.721,0.003
57464.82053,OGLE-I,13.721,0.003
57465.76758,OGLE-I,13.713,0.003
57465.81231,OGLE-I,13.723,0.003
57465.86586,OGLE-I,13.726,0.003
57465.91171,OGLE-I,13.724,0.003
57466.88795,OGLE-I,13.72,0.003
57467.8013,OGLE-I,13.716,0.003
57467.84734,OGLE-I,13.718,0.003
57467.89212,OGLE-I,13.722,0.003
57470.77122,OGLE-I,13.712,0.003
57470.81812,OGLE-I,13.719,0.003
57470.86264,OGLE-I,13.717,0.003
57470.91574,OGLE-I,13.714,0.003
57471.78439,OGLE-I,13.718,0.003
57471.82859,OGLE-I,13.722,0.003
57471.88589,OGLE-I,13.717,0.003
57472.74949,OGLE-I,13.712,0.003
57472.79407,OGLE-I,13.709,0.003
57472.83939,OGLE-I,13.715,0.003
57472.89564,OGLE-I,13.718,0.003
57473.77524,OGLE-I,13.719,0.003
57474.74581,OGLE-I,13.714,0.003
57474.78467,OGLE-I,13.719,0.003
57474.82259,OGLE-I,13.715,0.003
57474.86118,OGLE-I,13.717,0.003
57474.89985,OGLE-I,13.721,0.003
57475.76194,OGLE-I,13.713,0.003
57475.80277,OGLE-I,13.724,0.003
57475.84276,OGLE-I,13.717,0.003
57475.88175,OGLE-I,13.722,0.003
57476.75692,OGLE-I,13.718,0.003
57476.83606,OGLE-I,13.727,0.003
57479.81316,OGLE-I,13.716,0.003
57479.82715,OGLE-I,13.719,0.003
57479.84109,OGLE-I,13.723,0.003
57480.7775,OGLE-I,13.714,0.003
57480.8072,OGLE-I,13.721,0.003
57480.83232,OGLE-I,13.718,0.003
57480.85569,OGLE-I,13.716,0.003
57480.8738,OGLE-I,13.717,0.003
57480.88784,OGLE-I,13.72,0.003
57480.90312,OGLE-I,13.718,0.003
57480.91797,OGLE-I,13.721,0.003
57484.72469,OGLE-I,13.725,0.003
57484.74038,OGLE-I,13.725,0.003
57484.75435,OGLE-I,13.726,0.003
57484.76824,OGLE-I,13.725,0.003
57484.7822,OGLE-I,13.725,0.003
57484.80175,OGLE-I,13.726,0.003
57484.81573,OGLE-I,13.727,0.003
57484.82974,OGLE-I,13.724,0.003
57484.84377,OGLE-I,13.725,0.003
57484.85783,OGLE-I,13.732,0.003
57484.88194,OGLE-I,13.729,0.003
57484.89617,OGLE-I,13.728,0.003
57484.91233,OGLE-I,13.73,0.003
57485.71439,OGLE-I,13.718,0.003
57485.7387,OGLE-I,13.719,0.003
57485.75266,OGLE-I,13.723,0.003
57485.7667,OGLE-I,13.724,0.003
57485.78073,OGLE-I,13.721,0.003
57485.79464,OGLE-I,13.724,0.003
57485.80864,OGLE-I,13.725,0.003
57485.82353,OGLE-I,13.724,0.003
57485.84335,OGLE-I,13.725,0.003
57485.85763,OGLE-I,13.728,0.003
57485.87214,OGLE-I,13.712,0.003
57485.88741,OGLE-I,13.728,0.003
57485.90174,OGLE-I,13.727,0.003
57485.91621,OGLE-I,13.715,0.003
57486.71099,OGLE-I,13.723,0.003
57486.72685,OGLE-I,13.718,0.003
57486.7451,OGLE-I,13.721,0.003
57486.75909,OGLE-I,13.725,0.003
57486.77314,OGLE-I,13.719,0.003
57486.78706,OGLE-I,13.724,0.003
57486.801,OGLE-I,13.724,0.003
57486.815,OGLE-I,13.72,0.003
57486.82938,OGLE-I,13.718,0.003
57486.84367,OGLE-I,13.715,0.003
57486.86793,OGLE-I,13.725,0.003
57486.88226,OGLE-I,13.721,0.003
57486.89799,OGLE-I,13.722,0.003
57486.91305,OGLE-I,13.717,0.003
57487.7059,OGLE-I,13.72,0.003
57487.72208,OGLE-I,13.718,0.003
57487.73613,OGLE-I,13.721,0.003
57487.75053,OGLE-I,13.724,0.003
57487.7668,OGLE-I,13.727,0.003
57487.78301,OGLE-I,13.723,0.003
57487.79827,OGLE-I,13.721,0.003
57487.81232,OGLE-I,13.724,0.003
57487.83829,OGLE-I,13.721,0.003
57487.85287,OGLE-I,13.719,0.003
57487.86705,OGLE-I,13.727,0.003
57487.88148,OGLE-I,13.723,0.003
57487.89625,OGLE-I,13.725,0.003
57487.91111,OGLE-I,13.724,0.003
57487.92521,OGLE-I,13.722,0.003
57488.71508,OGLE-I,13.721,0.003
57488.7291,OGLE-I,13.72,0.003
57488.74371,OGLE-I,13.724,0.003
57488.7578,OGLE-I,13.722,0.003
57488.77221,OGLE-I,13.723,0.003
57488.78677,OGLE-I,13.727,0.003
57488.81345,OGLE-I,13.726,0.003
57488.83702,OGLE-I,13.726,0.003
57488.85141,OGLE-I,13.731,0.003
57488.86655,OGLE-I,13.73,0.003
57488.88131,OGLE-I,13.726,0.003
57488.89667,OGLE-I,13.726,0.003
57488.91123,OGLE-I,13.724,0.003
57488.92528,OGLE-I,13.726,0.003
57489.77269,OGLE-I,13.719,0.003
57489.79389,OGLE-I,13.72,0.003
57489.81543,OGLE-I,13.717,0.003
57489.83685,OGLE-I,13.721,0.003
57489.86351,OGLE-I,13.724,0.003
57489.90622,OGLE-I,13.719,0.003
57489.9194,OGLE-I,13.722,0.003
57489.93366,OGLE-I,13.721,0.003
57491.69976,OGLE-I,13.72,0.003
57491.71367,OGLE-I,13.714,0.003
57491.72767,OGLE-I,13.719,0.003
57491.74155,OGLE-I,13.727,0.003
57491.75582,OGLE-I,13.721,0.003
57491.77009,OGLE-I,13.724,0.003
57491.7842,OGLE-I,13.724,0.003
57491.7985,OGLE-I,13.723,0.003
57491.82226,OGLE-I,13.723,0.003
57491.83637,OGLE-I,13.724,0.003
57491.86062,OGLE-I,13.726,0.003
57491.87493,OGLE-I,13.734,0.003
57491.88999,OGLE-I,13.734,0.003
57491.90516,OGLE-I,13.736,0.003
57491.91933,OGLE-I,13.73,0.003
57492.69426,OGLE-I,13.715,0.003
57492.71031,OGLE-I,13.716,0.003
57492.72682,OGLE-I,13.722,0.003
57492.75542,OGLE-I,13.721,0.003
57492.77111,OGLE-I,13.726,0.003
57492.78692,OGLE-I,13.728,0.003
57492.80279,OGLE-I,13.726,0.003
57492.8452,OGLE-I,13.729,0.003
57492.86121,OGLE-I,13.735,0.003
57492.87797,OGLE-I,13.737,0.003
57492.89474,OGLE-I,13.735,0.003
57492.9192,OGLE-I,13.729,0.003
57493.70221,OGLE-I,13.726,0.003
57493.71784,OGLE-I,13.72,0.003
57493.7336,OGLE-I,13.722,0.003
57493.75726,OGLE-I,13.725,0.003
57493.77289,OGLE-I,13.722,0.003
57493.79859,OGLE-I,13.727,0.003
57493.81417,OGLE-I,13.724,0.003
57493.84746,OGLE-I,13.728,0.003
57493.86355,OGLE-I,13.733,0.003
57493.88038,OGLE-I,13.731,0.003
57493.89671,OGLE-I,13.723,0.003
57493.92034,OGLE-I,13.728,0.003
57494.69757,OGLE-I,13.721,0.003
57494.71333,OGLE-I,13.721,0.003
57494.72893,OGLE-I,13.722,0.003
57494.7536,OGLE-I,13.725,0.003
57494.77218,OGLE-I,13.724,0.003
57494.79779,OGLE-I,13.723,0.003
57494.81352,OGLE-I,13.727,0.003
57494.8476,OGLE-I,13.725,0.003
57494.86411,OGLE-I,13.73,0.003
57494.88084,OGLE-I,13.729,0.003
57494.89743,OGLE-I,13.726,0.003
57494.92145,OGLE-I,13.73,0.003
57495.68302,OGLE-I,13.724,0.003
57495.69873,OGLE-I,13.726,0.003
57495.71449,OGLE-I,13.723,0.003
57495.73835,OGLE-I,13.729,0.003
57495.75386,OGLE-I,13.727,0.003
57495.76961,OGLE-I,13.726,0.003
57495.7944,OGLE-I,13.73,0.003
57495.82738,OGLE-I,13.724,0.003
57495.84402,OGLE-I,13.723,0.003
57495.86034,OGLE-I,13.723,0.003
57495.87691,OGLE-I,13.723,0.003
57495.90214,OGLE-I,13.724,0.003
57495.91777,OGLE-I,13.727,0.003
57495.93332,OGLE-I,13.732,0.003
57497.86823,OGLE-I,13.723,0.003
57497.88571,OGLE-I,13.724,0.003
57497.90153,OGLE-I,13.725,0.003
57497.91732,OGLE-I,13.723,0.003
57498.69738,OGLE-I,13.72,0.003
57498.71312,OGLE-I,13.72,0.003
57498.72877,OGLE-I,13.724,0.003
57498.7446,OGLE-I,13.72,0.003
57498.77903,OGLE-I,13.724,0.003
57498.80528,OGLE-I,13.719,0.003
57498.83715,OGLE-I,13.721,0.003
57498.85332,OGLE-I,13.72,0.003
57498.87904,OGLE-I,13.72,0.003
57498.89517,OGLE-I,13.727,0.003
57498.92036,OGLE-I,13.718,0.003
57499.67864,OGLE-I,13.717,0.003
57499.70234,OGLE-I,13.72,0.003
57499.71844,OGLE-I,13.707,0.003
57499.73421,OGLE-I,13.721,0.003
57499.74977,OGLE-I,13.722,0.003
57499.77335,OGLE-I,13.727,0.003
57499.78976,OGLE-I,13.726,0.003
57499.80545,OGLE-I,13.721,0.003
57499.82112,OGLE-I,13.723,0.003
57499.84515,OGLE-I,13.723,0.003
57499.86143,OGLE-I,13.725,0.003
57499.87794,OGLE-I,13.721,0.003
57499.89397,OGLE-I,13.708,0.003
57499.91805,OGLE-I,13.722,0.003
57499.93364,OGLE-I,13.723,0.003
57500.68727,OGLE-I,13.717,0.003
57500.70286,OGLE-I,13.723,0.003
57500.71834,OGLE-I,13.723,0.003
57500.73398,OGLE-I,13.722,0.003
57500.75775,OGLE-I,13.722,0.003
57500.77341,OGLE-I,13.721,0.003
57500.78899,OGLE-I,13.723,0.003
57500.80474,OGLE-I,13.72,0.003
57500.82856,OGLE-I,13.719,0.003
57500.8445,OGLE-I,13.721,0.003
57500.86261,OGLE-I,13.724,0.003
57500.87902,OGLE-I,13.723,0.003
57500.90282,OGLE-I,13.72,0.003
57500.91836,OGLE-I,13.72,0.003
57507.73732,OGLE-I,13.716,0.003
57507.75128,OGLE-I,13.721,0.003
57507.76524,OGLE-I,13.727,0.003
57507.77971,OGLE-I,13.725,0.003
57507.79363,OGLE-I,13.723,0.003
57507.80763,OGLE-I,13.722,0.003
57507.82198,OGLE-I,13.724,0.003
57507.83663,OGLE-I,13.726,0.003
57507.85686,OGLE-I,13.724,0.003
57507.87093,OGLE-I,13.725,0.003
57507.88496,OGLE-I,13.721,0.003
57507.89922,OGLE-I,13.725,0.003
57507.91709,OGLE-I,13.723,0.003
57507.93217,OGLE-I,13.718,0.003
57508.65002,OGLE-I,13.722,0.003
57508.66414,OGLE-I,13.72,0.003
57508.67828,OGLE-I,13.721,0.003
57508.69242,OGLE-I,13.725,0.003
57508.70636,OGLE-I,13.731,0.003
57508.72039,OGLE-I,13.725,0.003
57508.73123,OGLE-I,13.728,0.003
57508.75913,OGLE-I,13.74,0.003
57508.77308,OGLE-I,13.741,0.003
57508.78722,OGLE-I,13.732,0.003
57508.8013,OGLE-I,13.737,0.003
57508.81547,OGLE-I,13.725,0.003
57508.83025,OGLE-I,13.736,0.003
57508.84531,OGLE-I,13.724,0.003
57508.85998,OGLE-I,13.731,0.003
57508.8745,OGLE-I,13.731,0.003
57508.88866,OGLE-I,13.726,0.003
57508.90402,OGLE-I,13.726,0.003
57508.91821,OGLE-I,13.726,0.003
57508.9321,OGLE-I,13.727,0.003
57509.72409,OGLE-I,13.725,0.003
57509.73859,OGLE-I,13.721,0.003
57509.75269,OGLE-I,13.725,0.003
57509.767,OGLE-I,13.723,0.003
57509.78105,OGLE-I,13.722,0.003
57509.79595,OGLE-I,13.724,0.003
57509.81091,OGLE-I,13.721,0.003
57509.82559,OGLE-I,13.721,0.003
57509.8411,OGLE-I,13.726,0.003
57509.85548,OGLE-I,13.725,0.003
57509.86959,OGLE-I,13.726,0.003
57509.88369,OGLE-I,13.725,0.003
57509.89821,OGLE-I,13.725,0.003
57509.9124,OGLE-I,13.718,0.003
57509.92928,OGLE-I,13.721,0.003
57511.67864,OGLE-I,13.727,0.003
57511.69304,OGLE-I,13.716,0.003
57511.70706,OGLE-I,13.719,0.003
57511.72103,OGLE-I,13.725,0.003
57511.73507,OGLE-I,13.723,0.003
57511.74913,OGLE-I,13.723,0.003
57511.76329,OGLE-I,13.724,0.003
57511.78742,OGLE-I,13.723,0.003
57511.80163,OGLE-I,13.722,0.003
57511.82674,OGLE-I,13.727,0.003
57511.84164,OGLE-I,13.727,0.003
57511.85641,OGLE-I,13.71,0.003
57511.87067,OGLE-I,13.729,0.003
57511.8847,OGLE-I,13.721,0.003
57511.89932,OGLE-I,13.721,0.003
57511.91342,OGLE-I,13.722,0.003
57511.92735,OGLE-I,13.723,0.003
57511.93678,OGLE-I,13.724,0.003
57512.70396,OGLE-I,13.718,0.003
57512.71961,OGLE-I,13.719,0.003
57512.73153,OGLE-I,13.722,0.003
57512.74348,OGLE-I,13.722,0.003
57512.75319,OGLE-I,13.721,0.003
57512.7643,OGLE-I,13.724,0.003
57512.7739,OGLE-I,13.726,0.003
57512.78319,OGLE-I,13.722,0.003
57512.79373,OGLE-I,13.722,0.003
57512.81736,OGLE-I,13.729,0.003
57512.83229,OGLE-I,13.72,0.003
57512.85603,OGLE-I,13.721,0.003
57512.87042,OGLE-I,13.726,0.003
57512.8844,OGLE-I,13.723,0.003
57512.89852,OGLE-I,13.719,0.003
57512.9125,OGLE-I,13.724,0.003
57512.93063,OGLE-I,13.719,0.003
57513.74888,OGLE-I,13.723,0.003
57516.63455,OGLE-I,13.721,0.003
57516.64928,OGLE-I,13.713,0.003
57516.66356,OGLE-I,13.715,0.003
57516.68557,OGLE-I,13.716,0.003
57516.70804,OGLE-I,13.718,0.003
57516.72444,OGLE-I,13.721,0.003
57516.77064,OGLE-I,13.716,0.003
57516.7964,OGLE-I,13.721,0.003
57518.73426,OGLE-I,13.72,0.003
57518.78999,OGLE-I,13.715,0.003
57518.88148,OGLE-I,13.72,0.003
57518.9018,OGLE-I,13.721,0.003
57519.81017,OGLE-I,13.722,0.003
57520.76089,OGLE-I,13.716,0.003
57522.72827,OGLE-I,13.717,0.003
57522.7935,OGLE-I,13.719,0.003
57522.81928,OGLE-I,13.717,0.003
57522.83811,OGLE-I,13.717,0.003
57522.85224,OGLE-I,13.718,0.003
57522.86626,OGLE-I,13.713,0.003
57522.88077,OGLE-I,13.713,0.003
57522.89506,OGLE-I,13.715,0.003
57522.90911,OGLE-I,13.718,0.003
57522.92496,OGLE-I,13.713,0.003
57522.93894,OGLE-I,13.72,0.003
57523.85063,OGLE-I,13.705,0.003
57523.86483,OGLE-I,13.719,0.003
57523.87906,OGLE-I,13.714,0.003
57523.89318,OGLE-I,13.704,0.003
57523.90727,OGLE-I,13.716,0.003
57523.92134,OGLE-I,13.717,0.003
57523.93539,OGLE-I,13.717,0.003
57526.6107,OGLE-I,13.717,0.003
57526.63037,OGLE-I,13.716,0.003
57526.64555,OGLE-I,13.719,0.003
57526.66078,OGLE-I,13.722,0.003
57526.6755,OGLE-I,13.718,0.003
57526.69031,OGLE-I,13.717,0.003
57526.70612,OGLE-I,13.718,0.003
57526.72069,OGLE-I,13.717,0.003
57526.73507,OGLE-I,13.72,0.003
57526.7567,OGLE-I,13.721,0.003
57526.78595,OGLE-I,13.721,0.003
57526.80161,OGLE-I,13.718,0.003
57526.82903,OGLE-I,13.722,0.003
57526.84714,OGLE-I,13.719,0.003
57526.86123,OGLE-I,13.719,0.003
57526.87627,OGLE-I,13.721,0.003
57526.89036,OGLE-I,13.715,0.003
57526.90449,OGLE-I,13.719,0.003
57526.91867,OGLE-I,13.717,0.003
57526.93268,OGLE-I,13.718,0.003
57527.92146,OGLE-I,13.722,0.003
57527.93246,OGLE-I,13.725,0.003
57528.76753,OGLE-I,13.72,0.003
57528.84529,OGLE-I,13.726,0.003
57528.86859,OGLE-I,13.725,0.003
57528.88337,OGLE-I,13.722,0.003
57528.89759,OGLE-I,13.725,0.003
57528.91193,OGLE-I,13.722,0.003
57528.92599,OGLE-I,13.72,0.003
57528.94001,OGLE-I,13.723,0.003
57529.75222,OGLE-I,13.72,0.003
57529.76718,OGLE-I,13.721,0.003
57529.78255,OGLE-I,13.72,0.003
57529.79784,OGLE-I,13.72,0.003
57529.81224,OGLE-I,13.72,0.003
57529.84357,OGLE-I,13.724,0.003
57529.89111,OGLE-I,13.72,0.003
57530.63543,OGLE-I,13.72,0.003
57530.64829,OGLE-I,13.718,0.003
57530.66422,OGLE-I,13.718,0.003
57530.67652,OGLE-I,13.718,0.003
57530.69417,OGLE-I,13.717,0.003
57530.71438,OGLE-I,13.718,0.003
57530.74009,OGLE-I,13.72,0.003
57530.76228,OGLE-I,13.719,0.003
57530.77895,OGLE-I,13.721,0.003
57530.79979,OGLE-I,13.724,0.003
57530.81899,OGLE-I,13.721,0.003
57530.83585,OGLE-I,13.724,0.003
57530.85806,OGLE-I,13.719,0.003
57530.88037,OGLE-I,13.709,0.003
57530.904,OGLE-I,13.717,0.003
57530.91589,OGLE-I,13.722,0.003
57534.64963,OGLE-I,13.719,0.003
57534.65903,OGLE-I,13.724,0.003
57534.67846,OGLE-I,13.719,0.003
57534.69309,OGLE-I,13.72,0.003
57534.70747,OGLE-I,13.717,0.003
57534.72144,OGLE-I,13.723,0.003
57534.73626,OGLE-I,13.72,0.003
57534.75528,OGLE-I,13.726,0.003
57534.77602,OGLE-I,13.72,0.003
57534.79009,OGLE-I,13.722,0.003
57534.80415,OGLE-I,13.724,0.003
57534.81812,OGLE-I,13.726,0.003
57534.83342,OGLE-I,13.719,0.003
57534.84935,OGLE-I,13.721,0.003
57534.8638,OGLE-I,13.721,0.003
57534.87856,OGLE-I,13.722,0.003
57534.89574,OGLE-I,13.726,0.003
57534.9098,OGLE-I,13.723,0.003
57534.93212,OGLE-I,13.725,0.003
57534.942,OGLE-I,13.708,0.003
57536.57074,OGLE-I,13.721,0.003
57536.59008,OGLE-I,13.72,0.003
57536.6041,OGLE-I,13.72,0.003
57536.61934,OGLE-I,13.718,0.003
57536.63934,OGLE-I,13.717,0.003
57536.65534,OGLE-I,13.72,0.003
57536.66949,OGLE-I,13.721,0.003
57536.69261,OGLE-I,13.724,0.003
57536.70659,OGLE-I,13.725,0.003
57536.72975,OGLE-I,13.72,0.003
57536.74476,OGLE-I,13.719,0.003
57536.75932,OGLE-I,13.72,0.003
57536.77369,OGLE-I,13.723,0.003
57536.78779,OGLE-I,13.718,0.003
57536.80191,OGLE-I,13.723,0.003
57536.81599,OGLE-I,13.727,0.003
57536.83026,OGLE-I,13.724,0.003
57536.8443,OGLE-I,13.724,0.003
57536.85838,OGLE-I,13.723,0.003
57536.87246,OGLE-I,13.708,0.003
57536.88977,OGLE-I,13.721,0.003
57536.90425,OGLE-I,13.717,0.003
57536.91916,OGLE-I,13.707,0.003
57545.61809,OGLE-I,13.72,0.003
57545.6325,OGLE-I,13.717,0.003
57545.64202,OGLE-I,13.722,0.003
57545.65368,OGLE-I,13.718,0.003
57545.66573,OGLE-I,13.723,0.003
57545.67752,OGLE-I,13.718,0.003
57545.72508,OGLE-I,13.721,0.003
57545.73566,OGLE-I,13.717,0.003
57545.74819,OGLE-I,13.725,0.003
57545.7618,OGLE-I,13.719,0.003
57545.77287,OGLE-I,13.715,0.003
57545.79693,OGLE-I,13.725,0.003
57545.81994,OGLE-I,13.706,0.003
57545.83389,OGLE-I,13.715,0.003
57545.84798,OGLE-I,13.706,0.003
57545.8622,OGLE-I,13.718,0.003
57545.87615,OGLE-I,13.72,0.003
57545.8917,OGLE-I,13.717,0.003
57545.90562,OGLE-I,13.723,0.003
57545.92003,OGLE-I,13.722,0.003
57545.93416,OGLE-I,13.72,0.003
57546.60238,OGLE-I,13.722,0.003
57546.61314,OGLE-I,13.719,0.003
57546.62592,OGLE-I,13.716,0.003
57546.6413,OGLE-I,13.717,0.003
57546.6553,OGLE-I,13.719,0.003
57546.66665,OGLE-I,13.721,0.003
57546.68091,OGLE-I,13.718,0.003
57546.69848,OGLE-I,13.714,0.003
57546.71242,OGLE-I,13.719,0.003
57546.72717,OGLE-I,13.721,0.003
57546.74472,OGLE-I,13.722,0.003
57546.75888,OGLE-I,13.72,0.003
57546.77287,OGLE-I,13.72,0.003
57546.78692,OGLE-I,13.72,0.003
57546.80094,OGLE-I,13.717,0.003
57546.81561,OGLE-I,13.717,0.003
57546.82964,OGLE-I,13.724,0.003
57546.84377,OGLE-I,13.721,0.003
57546.85788,OGLE-I,13.715,0.003
57546.87186,OGLE-I,13.718,0.003
57546.88585,OGLE-I,13.714,0.003
57546.89986,OGLE-I,13.723,0.003
57546.91398,OGLE-I,13.723,0.003
57546.92795,OGLE-I,13.723,0.003
57546.93884,OGLE-I,13.718,0.003
57547.53909,OGLE-I,13.717,0.003
57547.55429,OGLE-I,13.714,0.003
57547.56828,OGLE-I,13.713,0.003
57547.58226,OGLE-I,13.718,0.003
57547.59642,OGLE-I,13.721,0.003
57547.61031,OGLE-I,13.718,0.003
57547.62465,OGLE-I,13.718,0.003
57547.63892,OGLE-I,13.72,0.003
57547.6532,OGLE-I,13.722,0.003
57547.67057,OGLE-I,13.722,0.003
57547.68894,OGLE-I,13.719,0.003
57547.70628,OGLE-I,13.714,0.003
57547.72035,OGLE-I,13.723,0.003
57547.7348,OGLE-I,13.716,0.003
57547.75276,OGLE-I,13.721,0.003
57547.76676,OGLE-I,13.716,0.003
57547.78076,OGLE-I,13.706,0.003
57547.79486,OGLE-I,13.72,0.003
57547.80898,OGLE-I,13.718,0.003
57547.82316,OGLE-I,13.72,0.003
57547.83734,OGLE-I,13.721,0.003
57547.85142,OGLE-I,13.72,0.003
57547.86546,OGLE-I,13.716,0.003
57547.87939,OGLE-I,13.718,0.003
57547.89339,OGLE-I,13.718,0.003
57547.90733,OGLE-I,13.713,0.003
57547.92569,OGLE-I,13.718,0.003
57547.93499,OGLE-I,13.719,0.003
57548.56277,OGLE-I,13.721,0.003
57548.58742,OGLE-I,13.718,0.003
57548.60236,OGLE-I,13.719,0.003
57548.61768,OGLE-I,13.714,0.003
57548.63491,OGLE-I,13.721,0.003
57548.6518,OGLE-I,13.721,0.003
57548.66469,OGLE-I,13.711,0.003
57548.67822,OGLE-I,13.722,0.003
57548.69805,OGLE-I,13.719,0.003
57548.71319,OGLE-I,13.722,0.003
57548.72907,OGLE-I,13.722,0.003
57548.74234,OGLE-I,13.729,0.003
57548.75849,OGLE-I,13.722,0.003
57548.77136,OGLE-I,13.712,0.003
57548.78693,OGLE-I,13.723,0.003
57548.8006,OGLE-I,13.719,0.003
57548.8213,OGLE-I,13.721,0.003
57548.836,OGLE-I,13.72,0.003
57548.84969,OGLE-I,13.721,0.003
57548.86487,OGLE-I,13.72,0.003
57548.87873,OGLE-I,13.719,0.003
57548.89262,OGLE-I,13.719,0.003
57548.90774,OGLE-I,13.716,0.003
57548.92309,OGLE-I,13.719,0.003
57549.56921,OGLE-I,13.714,0.003
57549.58408,OGLE-I,13.719,0.003
57549.59555,OGLE-I,13.716,0.003
57549.61066,OGLE-I,13.718,0.003
57549.62207,OGLE-I,13.719,0.003
57549.636,OGLE-I,13.721,0.003
57549.65005,OGLE-I,13.719,0.003
57549.66802,OGLE-I,13.72,0.003
57549.68256,OGLE-I,13.719,0.003
57549.69966,OGLE-I,13.721,0.003
57549.714,OGLE-I,13.72,0.003
57549.72885,OGLE-I,13.717,0.003
57549.74386,OGLE-I,13.719,0.003
57549.75823,OGLE-I,13.718,0.003
57549.7722,OGLE-I,13.707,0.003
57549.79198,OGLE-I,13.706,0.003
57549.80594,OGLE-I,13.716,0.003
57549.81997,OGLE-I,13.719,0.003
57549.83398,OGLE-I,13.717,0.003
57549.84801,OGLE-I,13.715,0.003
57549.86198,OGLE-I,13.718,0.003
57549.87596,OGLE-I,13.715,0.003
57549.88993,OGLE-I,13.714,0.003
57549.90402,OGLE-I,13.719,0.003
57549.918,OGLE-I,13.719,0.003
57549.9305,OGLE-I,13.718,0.003
57550.56857,OGLE-I,13.716,0.003
57550.5787,OGLE-I,13.717,0.003
57550.59185,OGLE-I,13.717,0.003
57550.60507,OGLE-I,13.714,0.003
57550.6161,OGLE-I,13.694,0.003
57550.6302,OGLE-I,13.715,0.003
57550.64437,OGLE-I,13.716,0.003
57550.65853,OGLE-I,13.715,0.003
57550.67292,OGLE-I,13.714,0.003
57550.68707,OGLE-I,13.714,0.003
57550.70614,OGLE-I,13.715,0.003
57550.72218,OGLE-I,13.715,0.003
57550.74057,OGLE-I,13.712,0.003
57550.75606,OGLE-I,13.714,0.003
57550.77008,OGLE-I,13.718,0.003
57550.78458,OGLE-I,13.712,0.003
57550.79849,OGLE-I,13.703,0.003
57550.81253,OGLE-I,13.712,0.003
57550.82649,OGLE-I,13.713,0.003
57550.84057,OGLE-I,13.715,0.003
57550.8549,OGLE-I,13.716,0.003
57550.86885,OGLE-I,13.715,0.003
57550.88284,OGLE-I,13.712,0.003
57550.89745,OGLE-I,13.713,0.003
57550.9115,OGLE-I,13.714,0.003
57550.9254,OGLE-I,13.709,0.003
57551.59918,OGLE-I,13.714,0.003
57552.73377,OGLE-I,13.719,0.003
57552.7843,OGLE-I,13.719,0.003
57553.85862,OGLE-I,13.719,0.003
57554.54322,OGLE-I,13.724,0.003
57554.58602,OGLE-I,13.724,0.003
57554.60418,OGLE-I,13.723,0.003
57554.62031,OGLE-I,13.722,0.003
57554.64169,OGLE-I,13.725,0.003
57554.65972,OGLE-I,13.722,0.003
57554.68481,OGLE-I,13.723,0.003
57554.73108,OGLE-I,13.725,0.003
57554.74928,OGLE-I,13.722,0.003
57554.78689,OGLE-I,13.727,0.003
57554.88053,OGLE-I,13.723,0.003
57555.52558,OGLE-I,13.717,0.003
57555.5421,OGLE-I,13.716,0.003
57555.57718,OGLE-I,13.724,0.003
57555.59309,OGLE-I,13.718,0.003
57555.60791,OGLE-I,13.722,0.003
57555.62267,OGLE-I,13.719,0.003
57555.63786,OGLE-I,13.723,0.003
57555.65311,OGLE-I,13.724,0.003
57555.66832,OGLE-I,13.725,0.003
57555.68365,OGLE-I,13.71,0.003
57555.69977,OGLE-I,13.723,0.003
57555.71639,OGLE-I,13.72,0.003
57555.73147,OGLE-I,13.718,0.003
57555.74653,OGLE-I,13.724,0.003
57555.76074,OGLE-I,13.718,0.003
57555.77481,OGLE-I,13.723,0.003
57555.78938,OGLE-I,13.72,0.003
57555.80351,OGLE-I,13.719,0.003
57555.81803,OGLE-I,13.725,0.003
57555.83218,OGLE-I,13.719,0.003
57555.85801,OGLE-I,13.722,0.003
57555.88103,OGLE-I,13.72,0.003
57555.89519,OGLE-I,13.72,0.003
57555.90924,OGLE-I,13.724,0.003
57557.52826,OGLE-I,13.725,0.003
57557.53015,OGLE-I,13.724,0.003
57557.54478,OGLE-I,13.716,0.003
57557.56124,OGLE-I,13.723,0.003
57557.57585,OGLE-I,13.723,0.003
57557.59223,OGLE-I,13.722,0.003
57557.60737,OGLE-I,13.722,0.003
57557.62019,OGLE-I,13.721,0.003
57557.63495,OGLE-I,13.722,0.003
57557.65565,OGLE-I,13.723,0.003
57557.67237,OGLE-I,13.721,0.003
57557.68544,OGLE-I,13.723,0.003
57557.70452,OGLE-I,13.719,0.003
57557.72189,OGLE-I,13.718,0.003
57557.74036,OGLE-I,13.723,0.003
57557.75703,OGLE-I,13.724,0.003
57557.78756,OGLE-I,13.721,0.003
57557.78965,OGLE-I,13.719,0.003
57557.81248,OGLE-I,13.724,0.003
57557.83262,OGLE-I,13.719,0.003
57557.85027,OGLE-I,13.724,0.003
57557.86693,OGLE-I,13.721,0.003
57557.88251,OGLE-I,13.717,0.003
57557.89816,OGLE-I,13.721,0.003
57557.91136,OGLE-I,13.718,0.003
57561.51505,OGLE-I,13.713,0.003
57561.52992,OGLE-I,13.718,0.003
57561.57316,OGLE-I,13.72,0.003
57561.59007,OGLE-I,13.718,0.003
57561.60704,OGLE-I,13.72,0.003
57561.62166,OGLE-I,13.714,0.003
57561.63671,OGLE-I,13.719,0.003
57561.65103,OGLE-I,13.721,0.003
57561.67138,OGLE-I,13.719,0.003
57561.68735,OGLE-I,13.72,0.003
57561.70189,OGLE-I,13.717,0.003
57561.72388,OGLE-I,13.721,0.003
57561.73904,OGLE-I,13.717,0.003
57561.75405,OGLE-I,13.717,0.003
57561.76827,OGLE-I,13.716,0.003
57561.78285,OGLE-I,13.714,0.003
57561.79446,OGLE-I,13.717,0.003
57561.80714,OGLE-I,13.718,0.003
57561.82272,OGLE-I,13.717,0.003
57561.83704,OGLE-I,13.712,0.003
57561.85378,OGLE-I,13.716,0.003
57562.51821,OGLE-I,13.712,0.003
57562.52827,OGLE-I,13.713,0.003
57562.54248,OGLE-I,13.715,0.003
57562.5564,OGLE-I,13.722,0.003
57562.57097,OGLE-I,13.716,0.003
57562.58758,OGLE-I,13.716,0.003
57562.60361,OGLE-I,13.711,0.003
57562.6206,OGLE-I,13.719,0.003
57562.64361,OGLE-I,13.723,0.003
57562.66181,OGLE-I,13.715,0.003
57566.529,OGLE-I,13.721,0.003
57566.54326,OGLE-I,13.715,0.003
57566.55833,OGLE-I,13.724,0.003
57566.5726,OGLE-I,13.72,0.003
57566.59578,OGLE-I,13.717,0.003
57566.60997,OGLE-I,13.723,0.003
57566.63462,OGLE-I,13.719,0.003
57566.64885,OGLE-I,13.722,0.003
57566.66312,OGLE-I,13.721,0.003
57566.67744,OGLE-I,13.725,0.003
57566.69224,OGLE-I,13.722,0.003
57566.70685,OGLE-I,13.724,0.003
57566.72234,OGLE-I,13.725,0.003
57566.73652,OGLE-I,13.721,0.003
57566.75061,OGLE-I,13.723,0.003
57566.76472,OGLE-I,13.721,0.003
57566.77925,OGLE-I,13.722,0.003
57566.79335,OGLE-I,13.72,0.003
57566.80743,OGLE-I,13.718,0.003
57566.82158,OGLE-I,13.719,0.003
57566.83569,OGLE-I,13.717,0.003
57566.84983,OGLE-I,13.723,0.003
57566.8639,OGLE-I,13.717,0.003
57566.87662,OGLE-I,13.72,0.003
57567.50123,OGLE-I,13.718,0.003
57567.51584,OGLE-I,13.721,0.003
57567.52988,OGLE-I,13.723,0.003
57567.54403,OGLE-I,13.718,0.003
57567.55881,OGLE-I,13.718,0.003
57567.57281,OGLE-I,13.718,0.003
57567.58707,OGLE-I,13.721,0.003
57567.61039,OGLE-I,13.72,0.003
57567.62593,OGLE-I,13.723,0.003
57567.64914,OGLE-I,13.72,0.003
57567.66392,OGLE-I,13.723,0.003
57567.67895,OGLE-I,13.72,0.003
57567.69365,OGLE-I,13.72,0.003
57567.70821,OGLE-I,13.719,0.003
57567.72231,OGLE-I,13.722,0.003
57567.73749,OGLE-I,13.719,0.003
57567.75145,OGLE-I,13.721,0.003
57567.76548,OGLE-I,13.719,0.003
57567.77958,OGLE-I,13.72,0.003
57567.79378,OGLE-I,13.72,0.003
57567.80774,OGLE-I,13.717,0.003
57567.82169,OGLE-I,13.704,0.003
57567.83574,OGLE-I,13.721,0.003
57567.84978,OGLE-I,13.719,0.003
57567.8639,OGLE-I,13.717,0.003
57567.87963,OGLE-I,13.714,0.003
57568.50015,OGLE-I,13.712,0.003
57568.5669,OGLE-I,13.718,0.003
57568.58069,OGLE-I,13.716,0.003
57568.59466,OGLE-I,13.719,0.003
57568.60991,OGLE-I,13.719,0.003
57568.62388,OGLE-I,13.722,0.003
57568.63804,OGLE-I,13.715,0.003
57568.66351,OGLE-I,13.715,0.003
57568.67866,OGLE-I,13.718,0.003
57568.70357,OGLE-I,13.721,0.003
57568.71802,OGLE-I,13.72,0.003
57568.73248,OGLE-I,13.717,0.003
57568.75027,OGLE-I,13.718,0.003
57568.76439,OGLE-I,13.717,0.003
57568.77853,OGLE-I,13.714,0.003
57568.79251,OGLE-I,13.719,0.003
57568.80792,OGLE-I,13.716,0.003
57568.8436,OGLE-I,13.715,0.003
57568.85781,OGLE-I,13.719,0.003
57569.51887,OGLE-I,13.713,0.003
57569.5414,OGLE-I,13.716,0.003
57569.55543,OGLE-I,13.719,0.003
57569.56931,OGLE-I,13.714,0.003
57569.58344,OGLE-I,13.717,0.003
57569.59816,OGLE-I,13.712,0.003
57569.61241,OGLE-I,13.716,0.003
57569.63769,OGLE-I,13.719,0.003
57569.65186,OGLE-I,13.719,0.003
57569.67682,OGLE-I,13.718,0.003
57569.69288,OGLE-I,13.72,0.003
57569.70782,OGLE-I,13.717,0.003
57569.72383,OGLE-I,13.715,0.003
57569.73816,OGLE-I,13.718,0.003
57569.75231,OGLE-I,13.714,0.003
57569.76778,OGLE-I,13.712,0.003
57569.78195,OGLE-I,13.718,0.003
57569.79598,OGLE-I,13.716,0.003
57569.81006,OGLE-I,13.713,0.003
57569.82522,OGLE-I,13.714,0.003
57570.57484,OGLE-I,13.724,0.003
57570.57912,OGLE-I,13.723,0.003
57570.65784,OGLE-I,13.718,0.003
57570.67844,OGLE-I,13.717,0.003
57570.69098,OGLE-I,13.716,0.003
57570.70517,OGLE-I,13.716,0.003
57570.71957,OGLE-I,13.714,0.003
57570.7323,OGLE-I,13.716,0.003
57570.74883,OGLE-I,13.717,0.003
57570.76254,OGLE-I,13.718,0.003
57570.78014,OGLE-I,13.719,0.003
57570.79462,OGLE-I,13.719,0.003
57570.829,OGLE-I,13.721,0.003
57570.84225,OGLE-I,13.717,0.003
57570.86093,OGLE-I,13.718,0.003
57573.58736,OGLE-I,13.716,0.003
57573.60001,OGLE-I,13.719,0.003
57573.62247,OGLE-I,13.723,0.003
57573.63565,OGLE-I,13.719,0.003
57573.65038,OGLE-I,13.721,0.003
57573.67634,OGLE-I,13.718,0.003
57573.68902,OGLE-I,13.72,0.003
57573.70487,OGLE-I,13.721,0.003
57573.71757,OGLE-I,13.715,0.003
57573.73176,OGLE-I,13.721,0.003
57575.50398,OGLE-I,13.718,0.003
57575.51795,OGLE-I,13.721,0.003
57575.53108,OGLE-I,13.719,0.003
57575.54429,OGLE-I,13.721,0.003
57575.56743,OGLE-I,13.722,0.003
57575.58031,OGLE-I,13.712,0.003
57575.60749,OGLE-I,13.719,0.003
57575.62013,OGLE-I,13.719,0.003
57575.63295,OGLE-I,13.716,0.003
57575.65609,OGLE-I,13.718,0.003
57575.66992,OGLE-I,13.721,0.003
57575.68304,OGLE-I,13.721,0.003
57575.69718,OGLE-I,13.709,0.003
57575.70976,OGLE-I,13.718,0.003
57575.72245,OGLE-I,13.721,0.003
57575.73539,OGLE-I,13.711,0.003
57575.74824,OGLE-I,13.717,0.003
57575.76109,OGLE-I,13.715,0.003
57575.77379,OGLE-I,13.719,0.003
57575.78667,OGLE-I,13.719,0.003
57575.79945,OGLE-I,13.717,0.003
57575.81234,OGLE-I,13.718,0.003
57575.82493,OGLE-I,13.717,0.003
57575.83789,OGLE-I,13.714,0.003
57575.846,OGLE-I,13.717,0.003
57576.47511,OGLE-I,13.714,0.003
57576.48803,OGLE-I,13.713,0.003
57576.50071,OGLE-I,13.717,0.003
57576.51347,OGLE-I,13.717,0.003
57576.52605,OGLE-I,13.714,0.003
57576.53974,OGLE-I,13.716,0.003
57576.55252,OGLE-I,13.715,0.003
57576.58157,OGLE-I,13.717,0.003
57576.60404,OGLE-I,13.714,0.003
57576.62608,OGLE-I,13.716,0.003
57576.6404,OGLE-I,13.72,0.003
57576.65404,OGLE-I,13.719,0.003
57576.66803,OGLE-I,13.719,0.003
57576.68105,OGLE-I,13.717,0.003
57576.69404,OGLE-I,13.719,0.003
57576.70674,OGLE-I,13.718,0.003
57576.71935,OGLE-I,13.716,0.003
57576.73257,OGLE-I,13.72,0.003
57576.74507,OGLE-I,13.719,0.003
57576.75778,OGLE-I,13.719,0.003
57576.77018,OGLE-I,13.72,0.003
57576.78312,OGLE-I,13.716,0.003
57576.79616,OGLE-I,13.718,0.003
57576.80892,OGLE-I,13.72,0.003
57576.82158,OGLE-I,13.716,0.003
57576.83421,OGLE-I,13.714,0.003
57576.84684,OGLE-I,13.718,0.003
57577.52746,OGLE-I,13.718,0.003
57577.5427,OGLE-I,13.722,0.003
57577.55751,OGLE-I,13.716,0.003
57577.57201,OGLE-I,13.718,0.003
57577.5866,OGLE-I,13.714,0.003
57577.65425,OGLE-I,13.718,0.003
57579.5995,OGLE-I,13.723,0.003
57579.61354,OGLE-I,13.719,0.003
57579.6274,OGLE-I,13.724,0.003
57579.64287,OGLE-I,13.723,0.003
57579.66854,OGLE-I,13.724,0.003
57579.69414,OGLE-I,13.719,0.003
57579.70888,OGLE-I,13.722,0.003
57579.72255,OGLE-I,13.721,0.003
57579.73623,OGLE-I,13.722,0.003
57579.74951,OGLE-I,13.723,0.003
57579.76342,OGLE-I,13.719,0.003
57581.70518,OGLE-I,13.71,0.003
57581.72075,OGLE-I,13.719,0.003
57581.74576,OGLE-I,13.719,0.003
57581.77167,OGLE-I,13.718,0.003
57581.78711,OGLE-I,13.71,0.003
57581.80189,OGLE-I,13.717,0.003
57581.8156,OGLE-I,13.718,0.003
57581.82772,OGLE-I,13.717,0.003
57581.83664,OGLE-I,13.72,0.003
57582.65465,OGLE-I,13.721,0.003
57582.66846,OGLE-I,13.716,0.003
57582.69091,OGLE-I,13.72,0.003
57582.70435,OGLE-I,13.715,0.003
57582.72703,OGLE-I,13.72,0.003
57582.77473,OGLE-I,13.719,0.003
57583.69157,OGLE-I,13.714,0.003
57583.72536,OGLE-I,13.718,0.003
57583.73981,OGLE-I,13.721,0.003
57583.75357,OGLE-I,13.716,0.003
57583.76624,OGLE-I,13.716,0.003
57583.77981,OGLE-I,13.718,0.003
57583.81015,OGLE-I,13.717,0.003
57584.49792,OGLE-I,13.723,0.003
57584.51057,OGLE-I,13.72,0.003
57584.52348,OGLE-I,13.719,0.003
57584.5361,OGLE-I,13.719,0.003
57584.54914,OGLE-I,13.721,0.003
57584.56209,OGLE-I,13.72,0.003
57584.5748,OGLE-I,13.722,0.003
57584.58746,OGLE-I,13.717,0.003
57584.60031,OGLE-I,13.721,0.003
57584.61322,OGLE-I,13.721,0.003
57584.62642,OGLE-I,13.718,0.003
57584.64036,OGLE-I,13.714,0.003
57584.6536,OGLE-I,13.72,0.003
57584.66628,OGLE-I,13.72,0.003
57584.67895,OGLE-I,13.719,0.003
57584.69154,OGLE-I,13.719,0.003
57584.70434,OGLE-I,13.718,0.003
57584.71717,OGLE-I,13.721,0.003
57584.72992,OGLE-I,13.722,0.003
57584.75318,OGLE-I,13.718,0.003
57584.76736,OGLE-I,13.723,0.003
57584.78025,OGLE-I,13.719,0.003
57584.79296,OGLE-I,13.719,0.003
57584.80653,OGLE-I,13.719,0.003
57584.8196,OGLE-I,13.724,0.003
57584.82636,OGLE-I,13.719,0.003
57589.46664,OGLE-I,13.717,0.003
57589.48211,OGLE-I,13.721,0.003
57589.49593,OGLE-I,13.715,0.003
57589.51076,OGLE-I,13.725,0.003
57589.52377,OGLE-I,13.72,0.003
57589.54137,OGLE-I,13.715,0.003
57589.55417,OGLE-I,13.719,0.003
57589.56696,OGLE-I,13.717,0.003
57589.58019,OGLE-I,13.718,0.003
57589.59497,OGLE-I,13.72,0.003
57589.60822,OGLE-I,13.717,0.003
57589.62452,OGLE-I,13.72,0.003
57589.64219,OGLE-I,13.719,0.003
57589.65742,OGLE-I,13.72,0.003
57589.66953,OGLE-I,13.72,0.003
57589.6822,OGLE-I,13.713,0.003
57589.69504,OGLE-I,13.718,0.003
57589.70768,OGLE-I,13.72,0.003
57589.72061,OGLE-I,13.716,0.003
57589.7415,OGLE-I,13.72,0.003
57589.7541,OGLE-I,13.721,0.003
57589.76702,OGLE-I,13.718,0.003
57589.77975,OGLE-I,13.721,0.003
57589.7924,OGLE-I,13.715,0.003
57589.80454,OGLE-I,13.722,0.003
57590.46858,OGLE-I,13.718,0.003
57590.48165,OGLE-I,13.722,0.003
57590.49401,OGLE-I,13.715,0.003
57590.50688,OGLE-I,13.722,0.003
57590.51966,OGLE-I,13.721,0.003
57590.53204,OGLE-I,13.717,0.003
57590.54464,OGLE-I,13.722,0.003
57590.55708,OGLE-I,13.719,0.003
57590.57013,OGLE-I,13.718,0.003
57590.58319,OGLE-I,13.721,0.003
57590.59636,OGLE-I,13.722,0.003
57590.61017,OGLE-I,13.722,0.003
57590.62596,OGLE-I,13.721,0.003
57590.64161,OGLE-I,13.724,0.003
57590.65449,OGLE-I,13.722,0.003
57590.6673,OGLE-I,13.721,0.003
57590.67975,OGLE-I,13.721,0.003
57590.69247,OGLE-I,13.722,0.003
57590.70503,OGLE-I,13.722,0.003
57590.71776,OGLE-I,13.721,0.003
57590.73014,OGLE-I,13.722,0.003
57590.75726,OGLE-I,13.72,0.003
57590.80293,OGLE-I,13.724,0.003
57591.47372,OGLE-I,13.727,0.003
57591.50001,OGLE-I,13.727,0.003
57591.52001,OGLE-I,13.726,0.003
57591.53509,OGLE-I,13.724,0.003
57591.54812,OGLE-I,13.726,0.003
57591.56808,OGLE-I,13.725,0.003
57593.46803,OGLE-I,13.716,0.003
57593.48217,OGLE-I,13.715,0.003
57593.4948,OGLE-I,13.719,0.003
57593.50726,OGLE-I,13.716,0.003
57593.5299,OGLE-I,13.717,0.003
57593.54248,OGLE-I,13.72,0.003
57593.5641,OGLE-I,13.719,0.003
57593.5764,OGLE-I,13.714,0.003
57593.58893,OGLE-I,13.718,0.003
57593.60771,OGLE-I,13.719,0.003
57593.62256,OGLE-I,13.717,0.003
57593.63507,OGLE-I,13.719,0.003
57593.64781,OGLE-I,13.716,0.003
57593.66054,OGLE-I,13.716,0.003
57593.67303,OGLE-I,13.718,0.003
57593.68534,OGLE-I,13.718,0.003
57593.69771,OGLE-I,13.72,0.003
57593.71055,OGLE-I,13.716,0.003
57593.72308,OGLE-I,13.715,0.003
57593.73645,OGLE-I,13.718,0.003
57593.74894,OGLE-I,13.718,0.003
57593.76138,OGLE-I,13.716,0.003
57593.77383,OGLE-I,13.718,0.003
57593.7864,OGLE-I,13.706,0.003
57593.79423,OGLE-I,13.721,0.003
57593.80215,OGLE-I,13.718,0.003
57595.50971,OGLE-I,13.715,0.003
57595.52213,OGLE-I,13.718,0.003
57595.57055,OGLE-I,13.718,0.003
57595.60419,OGLE-I,13.722,0.003
57595.63979,OGLE-I,13.723,0.003
57595.70662,OGLE-I,13.717,0.003
57596.46903,OGLE-I,13.715,0.003
57596.48203,OGLE-I,13.72,0.003
57596.49919,OGLE-I,13.717,0.003
57596.51394,OGLE-I,13.715,0.003
57596.53584,OGLE-I,13.719,0.003
57596.54823,OGLE-I,13.716,0.003
57596.57409,OGLE-I,13.722,0.003
57596.58671,OGLE-I,13.721,0.003
57596.60869,OGLE-I,13.718,0.003
57597.56689,OGLE-I,13.714,0.003
57599.46921,OGLE-I,13.72,0.003
57599.48162,OGLE-I,13.714,0.003
57599.50847,OGLE-I,13.719,0.003
57599.53663,OGLE-I,13.718,0.003
57599.54903,OGLE-I,13.719,0.003
57599.57595,OGLE-I,13.72,0.003
57599.58988,OGLE-I,13.72,0.003
57599.62023,OGLE-I,13.72,0.003
57599.63333,OGLE-I,13.716,0.003
57599.65365,OGLE-I,13.717,0.003
57599.68539,OGLE-I,13.72,0.003
57599.71427,OGLE-I,13.721,0.003
57599.73072,OGLE-I,13.724,0.003
57599.74333,OGLE-I,13.72,0.003
57599.75586,OGLE-I,13.719,0.003
57599.76851,OGLE-I,13.717,0.003
57599.78082,OGLE-I,13.72,0.003
57599.79357,OGLE-I,13.719,0.003
57600.47661,OGLE-I,13.716,0.003
57600.49086,OGLE-I,13.714,0.003
57600.51745,OGLE-I,13.715,0.003
57600.54562,OGLE-I,13.721,0.003
57600.55825,OGLE-I,13.72,0.003
57600.58249,OGLE-I,13.715,0.003
57600.61205,OGLE-I,13.718,0.003
57600.64094,OGLE-I,13.72,0.003
57600.65328,OGLE-I,13.72,0.003
57600.67505,OGLE-I,13.719,0.003
57600.68764,OGLE-I,13.718,0.003
57600.70002,OGLE-I,13.716,0.003
57600.74452,OGLE-I,13.715,0.003
57600.77402,OGLE-I,13.718,0.003
57601.534,OGLE-I,13.72,0.003
57601.71216,OGLE-I,13.716,0.003
57601.73858,OGLE-I,13.718,0.003
57601.75096,OGLE-I,13.714,0.003
57601.7634,OGLE-I,13.719,0.003
57601.77592,OGLE-I,13.719,0.003
57602.46929,OGLE-I,13.712,0.003
57602.48209,OGLE-I,13.716,0.003
57602.49465,OGLE-I,13.716,0.003
57602.51546,OGLE-I,13.714,0.003
57602.52787,OGLE-I,13.712,0.003
57602.54021,OGLE-I,13.714,0.003
57602.5528,OGLE-I,13.717,0.003
57602.5658,OGLE-I,13.715,0.003
57602.57922,OGLE-I,13.716,0.003
57602.59225,OGLE-I,13.714,0.003
57602.6143,OGLE-I,13.715,0.003
57602.63623,OGLE-I,13.718,0.003
57602.64915,OGLE-I,13.716,0.003
57602.66166,OGLE-I,13.719,0.003
57602.67457,OGLE-I,13.716,0.003
57602.68701,OGLE-I,13.715,0.003
57602.69933,OGLE-I,13.715,0.003
57602.71187,OGLE-I,13.716,0.003
57602.7268,OGLE-I,13.714,0.003
57602.73925,OGLE-I,13.711,0.003
57602.75161,OGLE-I,13.718,0.003
57602.76414,OGLE-I,13.715,0.003
57602.7752,OGLE-I,13.716,0.003
57603.46972,OGLE-I,13.715,0.003
57603.48243,OGLE-I,13.714,0.003
57603.49486,OGLE-I,13.718,0.003
57603.50729,OGLE-I,13.715,0.003
57603.51985,OGLE-I,13.719,0.003
57603.54132,OGLE-I,13.719,0.003
57603.55419,OGLE-I,13.717,0.003
57603.57604,OGLE-I,13.72,0.003
57603.58926,OGLE-I,13.72,0.003
57603.60198,OGLE-I,13.718,0.003
57603.6148,OGLE-I,13.706,0.003
57603.62741,OGLE-I,13.718,0.003
57603.63986,OGLE-I,13.717,0.003
57603.65247,OGLE-I,13.716,0.003
57603.66493,OGLE-I,13.714,0.003
57603.67738,OGLE-I,13.72,0.003
57603.68974,OGLE-I,13.719,0.003
57603.7021,OGLE-I,13.717,0.003
57603.71718,OGLE-I,13.717,0.003
57603.72961,OGLE-I,13.717,0.003
57603.74236,OGLE-I,13.717,0.003
57603.75483,OGLE-I,13.715,0.003
57603.76721,OGLE-I,13.722,0.003
57603.77962,OGLE-I,13.719,0.003
57604.4773,OGLE-I,13.715,0.003
57604.49332,OGLE-I,13.72,0.003
57604.50572,OGLE-I,13.72,0.003
57604.51817,OGLE-I,13.717,0.003
57604.53069,OGLE-I,13.72,0.003
57604.54302,OGLE-I,13.721,0.003
57604.55548,OGLE-I,13.722,0.003
57604.56877,OGLE-I,13.72,0.003
57604.58235,OGLE-I,13.721,0.003
57604.59555,OGLE-I,13.725,0.003
57604.60824,OGLE-I,13.72,0.003
57604.62087,OGLE-I,13.725,0.003
57604.6336,OGLE-I,13.722,0.003
57604.64656,OGLE-I,13.724,0.003
57604.65954,OGLE-I,13.718,0.003
57604.67201,OGLE-I,13.722,0.003
57604.68447,OGLE-I,13.722,0.003
57604.69693,OGLE-I,13.724,0.003
57604.70957,OGLE-I,13.72,0.003
57604.72226,OGLE-I,13.724,0.003
57604.73476,OGLE-I,13.722,0.003
57604.74775,OGLE-I,13.721,0.003
57604.76044,OGLE-I,13.721,0.003
57605.47211,OGLE-I,13.711,0.003
57605.48456,OGLE-I,13.717,0.003
57605.497,OGLE-I,13.718,0.003
57605.51426,OGLE-I,13.713,0.003
57605.5268,OGLE-I,13.717,0.003
57605.53943,OGLE-I,13.717,0.003
57605.56149,OGLE-I,13.715,0.003
57605.57858,OGLE-I,13.718,0.003
57605.60035,OGLE-I,13.718,0.003
57605.61296,OGLE-I,13.719,0.003
57605.62554,OGLE-I,13.715,0.003
57605.63802,OGLE-I,13.714,0.003
57605.65077,OGLE-I,13.716,0.003
57605.66328,OGLE-I,13.714,0.003
57605.67595,OGLE-I,13.718,0.003
57605.68844,OGLE-I,13.712,0.003
57605.70081,OGLE-I,13.719,0.003
57605.71316,OGLE-I,13.716,0.003
57605.7256,OGLE-I,13.716,0.003
57605.73807,OGLE-I,13.716,0.003
57605.7504,OGLE-I,13.717,0.003
57605.76273,OGLE-I,13.714,0.003
57605.77511,OGLE-I,13.716,0.003
57606.65734,OGLE-I,13.716,0.003
57606.67185,OGLE-I,13.715,0.003
57606.68678,OGLE-I,13.715,0.003
57606.70183,OGLE-I,13.717,0.003
57606.71691,OGLE-I,13.711,0.003
57606.73731,OGLE-I,13.714,0.003
57607.46959,OGLE-I,13.722,0.003
57607.48462,OGLE-I,13.717,0.003
57607.49971,OGLE-I,13.721,0.003
57607.52367,OGLE-I,13.72,0.003
57607.54823,OGLE-I,13.724,0.003
57607.56464,OGLE-I,13.722,0.003
57607.58111,OGLE-I,13.719,0.003
57607.59609,OGLE-I,13.721,0.003
57607.61082,OGLE-I,13.722,0.003
57607.62542,OGLE-I,13.721,0.003
57607.63996,OGLE-I,13.723,0.003
57607.65448,OGLE-I,13.725,0.003
57607.66904,OGLE-I,13.721,0.003
57607.68347,OGLE-I,13.72,0.003
57607.69807,OGLE-I,13.72,0.003
57607.71257,OGLE-I,13.724,0.003
57607.72703,OGLE-I,13.724,0.003
57607.73989,OGLE-I,13.723,0.003
57607.75256,OGLE-I,13.721,0.003
57608.47141,OGLE-I,13.721,0.003
57608.48593,OGLE-I,13.719,0.003
57608.50051,OGLE-I,13.721,0.003
57608.51946,OGLE-I,13.724,0.003
57608.54408,OGLE-I,13.721,0.003
57608.5837,OGLE-I,13.722,0.003
57608.59859,OGLE-I,13.723,0.003
57608.61711,OGLE-I,13.722,0.003
57608.63187,OGLE-I,13.72,0.003
57608.64662,OGLE-I,13.721,0.003
57608.66139,OGLE-I,13.719,0.003
57608.67627,OGLE-I,13.718,0.003
57608.69104,OGLE-I,13.724,0.003
57608.70578,OGLE-I,13.718,0.003
57608.72132,OGLE-I,13.718,0.003
57608.73615,OGLE-I,13.718,0.003
57608.74858,OGLE-I,13.717,0.003
57608.76101,OGLE-I,13.719,0.003
57609.47225,OGLE-I,13.717,0.003
57609.50169,OGLE-I,13.715,0.003
57609.51648,OGLE-I,13.714,0.003
57609.53119,OGLE-I,13.714,0.003
57609.55703,OGLE-I,13.716,0.003
57609.58264,OGLE-I,13.719,0.003
57609.59783,OGLE-I,13.711,0.003
57609.6127,OGLE-I,13.717,0.003
57609.62733,OGLE-I,13.716,0.003
57609.64184,OGLE-I,13.715,0.003
57609.65743,OGLE-I,13.713,0.003
57609.67456,OGLE-I,13.716,0.003
57609.69123,OGLE-I,13.714,0.003
57609.70711,OGLE-I,13.714,0.003
57609.71984,OGLE-I,13.712,0.003
57609.73242,OGLE-I,13.711,0.003
57609.73874,OGLE-I,13.71,0.003
57609.74831,OGLE-I,13.695,0.003
57609.75772,OGLE-I,13.702,0.003
57610.4707,OGLE-I,13.716,0.003
57610.48599,OGLE-I,13.717,0.003
57610.50092,OGLE-I,13.72,0.003
57610.51572,OGLE-I,13.715,0.003
57610.53135,OGLE-I,13.72,0.003
57610.55137,OGLE-I,13.72,0.003
57610.57686,OGLE-I,13.72,0.003
57610.60121,OGLE-I,13.718,0.003
57610.61592,OGLE-I,13.717,0.003
57610.63058,OGLE-I,13.72,0.003
57610.64518,OGLE-I,13.719,0.003
57610.65987,OGLE-I,13.72,0.003
57610.67472,OGLE-I,13.717,0.003
57610.68937,OGLE-I,13.718,0.003
57610.7039,OGLE-I,13.715,0.003
57610.71867,OGLE-I,13.717,0.003
57611.48416,OGLE-I,13.724,0.003
57611.52126,OGLE-I,13.72,0.003
57611.55813,OGLE-I,13.721,0.003
57611.58008,OGLE-I,13.718,0.003
57611.6307,OGLE-I,13.72,0.003
57611.64593,OGLE-I,13.719,0.003
57611.66083,OGLE-I,13.718,0.003
57611.67603,OGLE-I,13.713,0.003
57611.72784,OGLE-I,13.717,0.003
57611.74248,OGLE-I,13.713,0.003
57612.49361,OGLE-I,13.717,0.003
57612.50622,OGLE-I,13.718,0.003
57612.51889,OGLE-I,13.716,0.003
57612.53141,OGLE-I,13.717,0.003
57612.54389,OGLE-I,13.719,0.003
57612.55845,OGLE-I,13.722,0.003
57612.57219,OGLE-I,13.718,0.003
57612.58463,OGLE-I,13.716,0.003
57612.5972,OGLE-I,13.718,0.003
57612.6099,OGLE-I,13.713,0.003
57612.62243,OGLE-I,13.721,0.003
57612.63485,OGLE-I,13.715,0.003
57612.64743,OGLE-I,13.715,0.003
57612.66003,OGLE-I,13.717,0.003
57612.6727,OGLE-I,13.716,0.003
57612.68526,OGLE-I,13.716,0.003
57612.69769,OGLE-I,13.714,0.003
57612.71032,OGLE-I,13.712,0.003
57612.72297,OGLE-I,13.706,0.003
57612.7356,OGLE-I,13.718,0.003
57612.74708,OGLE-I,13.72,0.003
57616.49546,OGLE-I,13.721,0.003
57616.51069,OGLE-I,13.723,0.003
57616.54357,OGLE-I,13.722,0.003
57616.5593,OGLE-I,13.721,0.003
57616.57432,OGLE-I,13.721,0.003
57616.58928,OGLE-I,13.724,0.003
57616.60603,OGLE-I,13.721,0.003
57616.62072,OGLE-I,13.722,0.003
57616.65422,OGLE-I,13.721,0.003
57616.68837,OGLE-I,13.723,0.003
57616.72694,OGLE-I,13.723,0.003
57616.73751,OGLE-I,13.726,0.003
57617.49359,OGLE-I,13.718,0.003
57617.50855,OGLE-I,13.724,0.003
57617.52423,OGLE-I,13.722,0.003
57617.54026,OGLE-I,13.724,0.003
57617.55643,OGLE-I,13.724,0.003
57617.57132,OGLE-I,13.724,0.003
57617.58603,OGLE-I,13.723,0.003
57617.60063,OGLE-I,13.724,0.003
57617.61519,OGLE-I,13.722,0.003
57617.6298,OGLE-I,13.72,0.003
57617.64439,OGLE-I,13.723,0.003
57617.65896,OGLE-I,13.723,0.003
57617.6737,OGLE-I,13.725,0.003
57617.68815,OGLE-I,13.723,0.003
57617.70279,OGLE-I,13.719,0.003
57617.7169,OGLE-I,13.723,0.003
57617.72865,OGLE-I,13.726,0.003
57618.47254,OGLE-I,13.719,0.003
57618.48738,OGLE-I,13.714,0.003
57618.50162,OGLE-I,13.72,0.003
57618.51768,OGLE-I,13.715,0.003
57618.53348,OGLE-I,13.722,0.003
57618.54887,OGLE-I,13.716,0.003
57618.56319,OGLE-I,13.719,0.003
57618.5778,OGLE-I,13.72,0.003
57618.59225,OGLE-I,13.719,0.003
57618.6068,OGLE-I,13.719,0.003
57618.6214,OGLE-I,13.717,0.003
57618.63605,OGLE-I,13.717,0.003
57618.65053,OGLE-I,13.718,0.003
57618.66507,OGLE-I,13.722,0.003
57618.67974,OGLE-I,13.715,0.003
57618.69236,OGLE-I,13.717,0.003
57618.7049,OGLE-I,13.717,0.003
57618.71745,OGLE-I,13.717,0.003
57618.73008,OGLE-I,13.716,0.003
57619.52086,OGLE-I,13.718,0.003
57619.53604,OGLE-I,13.718,0.003
57619.5538,OGLE-I,13.719,0.003
57619.57749,OGLE-I,13.72,0.003
57621.47099,OGLE-I,13.72,0.003
57621.48601,OGLE-I,13.717,0.003
57621.5182,OGLE-I,13.725,0.003
57621.53461,OGLE-I,13.716,0.003
57621.54978,OGLE-I,13.719,0.003
57621.5647,OGLE-I,13.72,0.003
57621.57964,OGLE-I,13.716,0.003
57621.60007,OGLE-I,13.717,0.003
57621.61464,OGLE-I,13.715,0.003
57621.63466,OGLE-I,13.72,0.003
57621.64931,OGLE-I,13.718,0.003
57621.66428,OGLE-I,13.719,0.003
57621.67897,OGLE-I,13.72,0.003
57621.69597,OGLE-I,13.718,0.003
57622.47021,OGLE-I,13.717,0.003
57622.48543,OGLE-I,13.71,0.003
57622.50736,OGLE-I,13.719,0.003
57622.5232,OGLE-I,13.715,0.003
57622.53849,OGLE-I,13.714,0.003
57622.55657,OGLE-I,13.705,0.003
57622.57136,OGLE-I,13.714,0.003
57622.58698,OGLE-I,13.724,0.003
57622.61093,OGLE-I,13.721,0.003
57622.63509,OGLE-I,13.721,0.003
57622.64979,OGLE-I,13.717,0.003
57622.6646,OGLE-I,13.718,0.003
57622.67971,OGLE-I,13.715,0.003
57622.69223,OGLE-I,13.722,0.003
57622.70811,OGLE-I,13.721,0.003
57622.71759,OGLE-I,13.719,0.003
57623.47048,OGLE-I,13.718,0.003
57623.48581,OGLE-I,13.715,0.003
57623.50191,OGLE-I,13.72,0.003
57623.51704,OGLE-I,13.72,0.003
57623.53262,OGLE-I,13.718,0.003
57623.54724,OGLE-I,13.716,0.003
57623.57167,OGLE-I,13.718,0.003
57623.59593,OGLE-I,13.721,0.003
57623.61076,OGLE-I,13.719,0.003
57623.62532,OGLE-I,13.718,0.003
57623.64013,OGLE-I,13.719,0.003
57623.65483,OGLE-I,13.72,0.003
57623.66947,OGLE-I,13.717,0.003
57623.68417,OGLE-I,13.717,0.003
57623.69822,OGLE-I,13.719,0.003
57623.71097,OGLE-I,13.716,0.003
57624.47275,OGLE-I,13.718,0.003
57624.48776,OGLE-I,13.722,0.003
57624.50273,OGLE-I,13.721,0.003
57624.51929,OGLE-I,13.72,0.003
57624.54459,OGLE-I,13.718,0.003
57624.56873,OGLE-I,13.722,0.003
57624.58398,OGLE-I,13.715,0.003
57624.60215,OGLE-I,13.719,0.003
57624.61719,OGLE-I,13.716,0.003
57624.63216,OGLE-I,13.725,0.003
57624.64877,OGLE-I,13.721,0.003
57624.66398,OGLE-I,13.722,0.003
57624.67883,OGLE-I,13.717,0.003
57625.47454,OGLE-I,13.71,0.003
57625.48981,OGLE-I,13.714,0.003
57625.50582,OGLE-I,13.717,0.003
57625.52924,OGLE-I,13.717,0.003
57625.55329,OGLE-I,13.719,0.003
57625.57762,OGLE-I,13.715,0.003
57625.59234,OGLE-I,13.719,0.003
57625.60698,OGLE-I,13.72,0.003
57625.62148,OGLE-I,13.712,0.003
57625.6363,OGLE-I,13.716,0.003
57625.65115,OGLE-I,13.718,0.003
57625.67017,OGLE-I,13.718,0.003
57625.67378,OGLE-I,13.715,0.003
57626.47734,OGLE-I,13.717,0.003
57626.49264,OGLE-I,13.718,0.003
57626.50804,OGLE-I,13.709,0.003
57626.52477,OGLE-I,13.716,0.003
57626.53997,OGLE-I,13.715,0.003
57626.56277,OGLE-I,13.722,0.003
57626.59028,OGLE-I,13.716,0.003
57626.61459,OGLE-I,13.717,0.003
57626.6294,OGLE-I,13.718,0.003
57626.64425,OGLE-I,13.719,0.003
57626.65905,OGLE-I,13.719,0.003
57626.67414,OGLE-I,13.72,0.003
57630.47591,OGLE-I,13.717,0.003
57630.50146,OGLE-I,13.716,0.003
57630.52764,OGLE-I,13.719,0.003
57630.54257,OGLE-I,13.722,0.003
57630.55735,OGLE-I,13.714,0.003
57630.57247,OGLE-I,13.719,0.003
57630.5872,OGLE-I,13.714,0.003
57630.60172,OGLE-I,13.715,0.003
57630.61667,OGLE-I,13.722,0.003
57630.63179,OGLE-I,13.718,0.003
57630.64643,OGLE-I,13.718,0.003
57630.66088,OGLE-I,13.717,0.003
57631.47372,OGLE-I,13.717,0.003
57631.49448,OGLE-I,13.721,0.003
57631.51906,OGLE-I,13.721,0.003
57631.53446,OGLE-I,13.717,0.003
57631.54966,OGLE-I,13.72,0.003
57631.56435,OGLE-I,13.71,0.003
57631.57902,OGLE-I,13.718,0.003
57631.59432,OGLE-I,13.719,0.003
57631.60899,OGLE-I,13.718,0.003
57631.62346,OGLE-I,13.725,0.003
57631.63802,OGLE-I,13.719,0.003
57631.65257,OGLE-I,13.702,0.003
57632.47327,OGLE-I,13.716,0.003
57632.49385,OGLE-I,13.715,0.003
57632.51847,OGLE-I,13.718,0.003
57632.53384,OGLE-I,13.716,0.003
57632.54891,OGLE-I,13.715,0.003
57632.56385,OGLE-I,13.711,0.003
57632.57923,OGLE-I,13.715,0.003
57632.59416,OGLE-I,13.716,0.003
57632.6088,OGLE-I,13.716,0.003
57632.62341,OGLE-I,13.716,0.003
57632.63779,OGLE-I,13.712,0.003
57632.65153,OGLE-I,13.714,0.003
57633.5399,OGLE-I,13.714,0.003
57633.561,OGLE-I,13.718,0.003
57633.57625,OGLE-I,13.715,0.003
57633.59122,OGLE-I,13.716,0.003
57633.60689,OGLE-I,13.718,0.003
57633.62173,OGLE-I,13.716,0.003
57633.63658,OGLE-I,13.715,0.003
57633.6489,OGLE-I,13.714,0.003
57634.49245,OGLE-I,13.712,0.003
57634.52257,OGLE-I,13.717,0.003
57634.53727,OGLE-I,13.716,0.003
57634.55296,OGLE-I,13.711,0.003
57634.56775,OGLE-I,13.717,0.003
57634.58243,OGLE-I,13.718,0.003
57635.47821,OGLE-I,13.716,0.003
57635.49967,OGLE-I,13.711,0.003
57635.51417,OGLE-I,13.718,0.003
57635.53822,OGLE-I,13.716,0.003
57635.55302,OGLE-I,13.718,0.003
57635.57284,OGLE-I,13.718,0.003
57635.59017,OGLE-I,13.716,0.003
57635.6077,OGLE-I,13.711,0.003
57636.47466,OGLE-I,13.717,0.003
57636.4905,OGLE-I,13.715,0.003
57636.50746,OGLE-I,13.717,0.003
57636.52972,OGLE-I,13.714,0.003
57636.54452,OGLE-I,13.714,0.003
57636.55935,OGLE-I,13.72,0.003
57636.57411,OGLE-I,13.72,0.003
57636.58966,OGLE-I,13.715,0.003
57636.60448,OGLE-I,13.717,0.003
57636.61918,OGLE-I,13.715,0.003
57636.63157,OGLE-I,13.714,0.003
57636.64568,OGLE-I,13.718,0.003
57637.47531,OGLE-I,13.72,0.003
57637.4917,OGLE-I,13.72,0.003
57637.51721,OGLE-I,13.715,0.003
57637.53231,OGLE-I,13.717,0.003
57637.55011,OGLE-I,13.716,0.003
57637.56508,OGLE-I,13.719,0.003
57637.57953,OGLE-I,13.718,0.003
57637.59396,OGLE-I,13.719,0.003
57637.60865,OGLE-I,13.72,0.003
57637.62331,OGLE-I,13.713,0.003
57637.63592,OGLE-I,13.723,0.003
57638.48168,OGLE-I,13.719,0.003
57638.49715,OGLE-I,13.716,0.003
57638.51551,OGLE-I,13.715,0.003
57638.53019,OGLE-I,13.721,0.003
57638.54533,OGLE-I,13.719,0.003
57638.56654,OGLE-I,13.72,0.003
57638.58937,OGLE-I,13.721,0.003
57638.62003,OGLE-I,13.723,0.003
57639.47491,OGLE-I,13.719,0.003
57639.49667,OGLE-I,13.719,0.003
57639.51189,OGLE-I,13.717,0.003
57639.52968,OGLE-I,13.72,0.003
57639.55433,OGLE-I,13.717,0.003
57639.56953,OGLE-I,13.721,0.003
57639.58511,OGLE-I,13.72,0.003
57639.60017,OGLE-I,13.722,0.003
57639.6146,OGLE-I,13.716,0.003
57639.62902,OGLE-I,13.717,0.003
57643.49383,OGLE-I,13.718,0.003
57643.52044,OGLE-I,13.717,0.003
57643.57069,OGLE-I,13.715,0.003
57643.59836,OGLE-I,13.715,0.003
57643.61425,OGLE-I,13.723,0.003
57643.62891,OGLE-I,13.716,0.003
57644.49744,OGLE-I,13.715,0.003
57644.51243,OGLE-I,13.711,0.003
57644.52498,OGLE-I,13.716,0.003
57644.53732,OGLE-I,13.715,0.003
57644.54985,OGLE-I,13.714,0.003
57644.5632,OGLE-I,13.714,0.003
57644.58017,OGLE-I,13.72,0.003
57644.60112,OGLE-I,13.714,0.003
57644.61411,OGLE-I,13.719,0.003
57645.47834,OGLE-I,13.716,0.003
57645.49316,OGLE-I,13.717,0.003
57645.50784,OGLE-I,13.716,0.003
57645.52226,OGLE-I,13.715,0.003
57647.48001,OGLE-I,13.722,0.003
57647.49978,OGLE-I,13.715,0.003
57647.51459,OGLE-I,13.72,0.003
57647.53033,OGLE-I,13.719,0.003
57647.54518,OGLE-I,13.722,0.003
57647.56029,OGLE-I,13.721,0.003
57647.5752,OGLE-I,13.715,0.003
57647.58958,OGLE-I,13.715,0.003
57647.61141,OGLE-I,13.719,0.003
57648.49619,OGLE-I,13.717,0.003
57648.51097,OGLE-I,13.717,0.003
57648.52535,OGLE-I,13.717,0.003
57648.54038,OGLE-I,13.72,0.003
57648.55491,OGLE-I,13.72,0.003
57648.56984,OGLE-I,13.719,0.003
57648.58431,OGLE-I,13.714,0.003
57648.59869,OGLE-I,13.715,0.003
57648.61315,OGLE-I,13.716,0.003
57649.4802,OGLE-I,13.705,0.003
57649.50468,OGLE-I,13.721,0.003
57649.51996,OGLE-I,13.719,0.003
57649.53526,OGLE-I,13.719,0.003
57649.5498,OGLE-I,13.72,0.003
57649.56478,OGLE-I,13.718,0.003
57649.58019,OGLE-I,13.717,0.003
57649.59468,OGLE-I,13.716,0.003
57649.60938,OGLE-I,13.717,0.003
57650.54055,OGLE-I,13.718,0.003
57650.58461,OGLE-I,13.717,0.003
57651.53219,OGLE-I,13.715,0.003
57651.58479,OGLE-I,13.713,0.003
57652.51926,OGLE-I,13.718,0.003
57652.57505,OGLE-I,13.718,0.003
57653.52126,OGLE-I,13.716,0.003
57653.58275,OGLE-I,13.715,0.003
57654.53487,OGLE-I,13.715,0.003
57655.55163,OGLE-I,13.726,0.003
57656.47961,OGLE-I,13.723,0.003
57656.5647,OGLE-I,13.723,0.003
57657.51927,OGLE-I,13.719,0.003
57658.48256,OGLE-I,13.721,0.003
57659.58218,OGLE-I,13.719,0.003
57660.53497,OGLE-I,13.718,0.003
57660.57859,OGLE-I,13.718,0.003
57661.54146,OGLE-I,13.716,0.003
57662.48292,OGLE-I,13.715,0.003
57662.55152,OGLE-I,13.713,0.003
57664.52074,OGLE-I,13.72,0.003
57664.56767,OGLE-I,13.715,0.003
57666.4865,OGLE-I,13.723,0.003
57666.56713,OGLE-I,13.721,0.003
57667.56587,OGLE-I,13.723,0.003
57671.54534,OGLE-I,13.721,0.003
57673.54301,OGLE-I,13.726,0.003
57675.54944,OGLE-I,13.72,0.003
57681.4994,OGLE-I,13.726,0.003
57683.51506,OGLE-I,13.719,0.003
57687.51159,OGLE-I,13.715,0.003
57689.49993,OGLE-I,13.717,0.003
57690.49579,OGLE-I,13.719,0.003
57691.50502,OGLE-I,13.722,0.003
57790.8753,OGLE-I,13.72,0.003
57791.87039,OGLE-I,13.717,0.003
57792.86667,OGLE-I,13.723,0.003
57793.86408,OGLE-I,13.723,0.003
57794.86901,OGLE-I,13.72,0.003
57795.877,OGLE-I,13.722,0.003
57796.89171,OGLE-I,13.733,0.003
57797.88766,OGLE-I,13.727,0.003
57798.88903,OGLE-I,13.736,0.003
57799.88207,OGLE-I,13.728,0.003
57800.87887,OGLE-I,13.726,0.003
57801.85941,OGLE-I,13.723,0.003
57802.84531,OGLE-I,13.724,0.003
57803.83936,OGLE-I,13.717,0.003
57803.88598,OGLE-I,13.721,0.003
57807.85683,OGLE-I,13.718,0.003
57808.82347,OGLE-I,13.717,0.003
57809.81778,OGLE-I,13.724,0.003
57809.86775,OGLE-I,13.726,0.003
57810.81689,OGLE-I,13.723,0.003
57810.86268,OGLE-I,13.719,0.003
57811.82264,OGLE-I,13.716,0.003
57811.86812,OGLE-I,13.72,0.003
57812.83768,OGLE-I,13.726,0.003
57812.88413,OGLE-I,13.727,0.003
57813.82863,OGLE-I,13.719,0.003
57814.83824,OGLE-I,13.725,0.003
57814.88599,OGLE-I,13.726,0.003
57815.84995,OGLE-I,13.728,0.003
57815.89687,OGLE-I,13.726,0.003
57816.84168,OGLE-I,13.726,0.003
57816.88702,OGLE-I,13.719,0.003
57817.83833,OGLE-I,13.724,0.003
57817.8836,OGLE-I,13.728,0.003
57818.82455,OGLE-I,13.727,0.003
57818.86968,OGLE-I,13.73,0.003
57819.80437,OGLE-I,13.72,0.003
57819.84945,OGLE-I,13.727,0.003
57819.90177,OGLE-I,13.726,0.003
57820.85892,OGLE-I,13.729,0.003
57820.90382,OGLE-I,13.731,0.003
57821.84196,OGLE-I,13.727,0.003
57821.88656,OGLE-I,13.725,0.003
57822.82425,OGLE-I,13.722,0.003
57822.86894,OGLE-I,13.725,0.003
57823.80988,OGLE-I,13.722,0.003
57823.8542,OGLE-I,13.727,0.003
57823.89885,OGLE-I,13.723,0.003
57824.85032,OGLE-I,13.722,0.003
57824.89486,OGLE-I,13.724,0.003
57825.84203,OGLE-I,13.727,0.003
57825.88636,OGLE-I,13.727,0.003
57826.80033,OGLE-I,13.73,0.003
57826.84556,OGLE-I,13.727,0.003
57826.89023,OGLE-I,13.73,0.003
57827.81936,OGLE-I,13.724,0.003
57827.86373,OGLE-I,13.732,0.003
57828.83317,OGLE-I,13.727,0.003
57828.87778,OGLE-I,13.726,0.003
57829.81057,OGLE-I,13.726,0.003
57830.78859,OGLE-I,13.729,0.003
57830.8237,OGLE-I,13.721,0.003
57830.86614,OGLE-I,13.718,0.003
57830.90538,OGLE-I,13.728,0.003
57834.81634,OGLE-I,13.727,0.003
57834.86346,OGLE-I,13.722,0.003
57834.91052,OGLE-I,13.727,0.003
57835.78358,OGLE-I,13.721,0.003
57835.862,OGLE-I,13.718,0.003
57835.90888,OGLE-I,13.72,0.003
57836.7989,OGLE-I,13.728,0.003
57836.84779,OGLE-I,13.729,0.003
57836.89483,OGLE-I,13.725,0.003
57837.76644,OGLE-I,13.729,0.003
57837.81276,OGLE-I,13.731,0.003
57837.8593,OGLE-I,13.73,0.003
57837.90727,OGLE-I,13.726,0.003
57838.78162,OGLE-I,13.723,0.003
57838.83715,OGLE-I,13.721,0.003
57838.88449,OGLE-I,13.72,0.003
57839.74379,OGLE-I,13.722,0.003
57839.80304,OGLE-I,13.722,0.003
57839.84992,OGLE-I,13.724,0.003
57839.90176,OGLE-I,13.727,0.003
57840.76118,OGLE-I,13.72,0.003
57840.81317,OGLE-I,13.719,0.003
57840.86388,OGLE-I,13.723,0.003
57840.91241,OGLE-I,13.72,0.003
57841.78857,OGLE-I,13.717,0.003
57841.83463,OGLE-I,13.719,0.003
57841.88325,OGLE-I,13.72,0.003
57842.73629,OGLE-I,13.712,0.003
57842.78267,OGLE-I,13.723,0.003
57842.82854,OGLE-I,13.728,0.003
57842.87524,OGLE-I,13.723,0.003
57843.75155,OGLE-I,13.727,0.003
57843.79762,OGLE-I,13.728,0.003
57843.85314,OGLE-I,13.722,0.003
57843.90059,OGLE-I,13.73,0.003
57844.74798,OGLE-I,13.722,0.003
57844.80328,OGLE-I,13.723,0.003
57844.84921,OGLE-I,13.721,0.003
57844.89723,OGLE-I,13.723,0.003
57845.74124,OGLE-I,13.719,0.003
57845.79657,OGLE-I,13.722,0.003
57845.84271,OGLE-I,13.72,0.003
57845.8899,OGLE-I,13.724,0.003
57846.74306,OGLE-I,13.72,0.003
57846.78867,OGLE-I,13.717,0.003
57846.83464,OGLE-I,13.722,0.003
57846.88116,OGLE-I,13.725,0.003
57847.72272,OGLE-I,13.719,0.003
57847.76868,OGLE-I,13.723,0.003
57847.81457,OGLE-I,13.726,0.003
57847.87103,OGLE-I,13.725,0.003
57847.92026,OGLE-I,13.723,0.003
57848.75176,OGLE-I,13.722,0.003
57848.79765,OGLE-I,13.724,0.003
57848.84389,OGLE-I,13.723,0.003
57848.90244,OGLE-I,13.724,0.003
57849.73394,OGLE-I,13.723,0.003
57849.78038,OGLE-I,13.727,0.003
57849.82611,OGLE-I,13.732,0.003
57849.88362,OGLE-I,13.731,0.003
57850.7155,OGLE-I,13.727,0.003
57850.76143,OGLE-I,13.729,0.003
57850.80782,OGLE-I,13.729,0.003
57850.86493,OGLE-I,13.734,0.003
57850.91305,OGLE-I,13.732,0.003
57851.74845,OGLE-I,13.728,0.003
57851.79448,OGLE-I,13.724,0.003
57851.84101,OGLE-I,13.73,0.003
57851.90049,OGLE-I,13.725,0.003
57852.82163,OGLE-I,13.718,0.003
57852.87019,OGLE-I,13.722,0.003
57853.85724,OGLE-I,13.727,0.003
57853.9031,OGLE-I,13.729,0.003
57854.70514,OGLE-I,13.73,0.003
57854.74851,OGLE-I,13.729,0.003
57854.80385,OGLE-I,13.732,0.003
57854.85205,OGLE-I,13.729,0.003
57854.90095,OGLE-I,13.732,0.003
57855.74719,OGLE-I,13.729,0.003
57855.79402,OGLE-I,13.726,0.003
57855.84173,OGLE-I,13.73,0.003
57855.90111,OGLE-I,13.734,0.003
57856.72334,OGLE-I,13.728,0.003
57856.77126,OGLE-I,13.727,0.003
57856.82046,OGLE-I,13.73,0.003
57856.87001,OGLE-I,13.727,0.003
57857.83448,OGLE-I,13.731,0.003
57857.87336,OGLE-I,13.727,0.003
57857.90148,OGLE-I,13.727,0.003
57858.77038,OGLE-I,13.729,0.003
57858.78194,OGLE-I,13.729,0.003
57858.7945,OGLE-I,13.732,0.003
57858.80719,OGLE-I,13.727,0.003
57858.8186,OGLE-I,13.73,0.003
57858.82985,OGLE-I,13.732,0.003
57858.84118,OGLE-I,13.732,0.003
57858.85482,OGLE-I,13.725,0.003
57858.8711,OGLE-I,13.726,0.003
57858.88395,OGLE-I,13.723,0.003
57858.90369,OGLE-I,13.728,0.003
57858.91821,OGLE-I,13.725,0.003
57862.7151,OGLE-I,13.727,0.003
57862.76173,OGLE-I,13.728,0.003
57862.80906,OGLE-I,13.734,0.003
57862.85754,OGLE-I,13.73,0.003
57862.91761,OGLE-I,13.732,0.003
57863.7869,OGLE-I,13.732,0.003
57863.85851,OGLE-I,13.732,0.003
57863.91878,OGLE-I,13.731,0.003
57864.74529,OGLE-I,13.729,0.003
57864.82888,OGLE-I,13.733,0.003
57864.88027,OGLE-I,13.734,0.003
57865.67173,OGLE-I,13.732,0.003
57865.71741,OGLE-I,13.729,0.003
57865.76335,OGLE-I,13.731,0.003
57865.8216,OGLE-I,13.74,0.003
57866.68254,OGLE-I,13.729,0.003
57866.72915,OGLE-I,13.727,0.003
57866.77556,OGLE-I,13.731,0.003
57866.89312,OGLE-I,13.733,0.003
57867.70138,OGLE-I,13.723,0.003
57867.74819,OGLE-I,13.722,0.003
57867.80407,OGLE-I,13.731,0.003
57867.86349,OGLE-I,13.724,0.003
57867.91078,OGLE-I,13.73,0.003
57868.77369,OGLE-I,13.724,0.003
57868.83372,OGLE-I,13.724,0.003
57868.89746,OGLE-I,13.722,0.003
57869.6927,OGLE-I,13.724,0.003
57869.74177,OGLE-I,13.728,0.003
57869.788,OGLE-I,13.727,0.003
57869.85602,OGLE-I,13.728,0.003
57869.90449,OGLE-I,13.73,0.003
57870.72129,OGLE-I,13.724,0.003
57870.76868,OGLE-I,13.729,0.003
57870.83533,OGLE-I,13.726,0.003
57870.88366,OGLE-I,13.723,0.003
57870.93118,OGLE-I,13.724,0.003
57871.73798,OGLE-I,13.726,0.003
57871.78432,OGLE-I,13.728,0.003
57871.85653,OGLE-I,13.724,0.003
57871.91023,OGLE-I,13.73,0.003
57872.68445,OGLE-I,13.725,0.003
57872.75324,OGLE-I,13.728,0.003
57872.82071,OGLE-I,13.74,0.003
57872.88452,OGLE-I,13.731,0.003
57872.93313,OGLE-I,13.729,0.003
57873.70216,OGLE-I,13.723,0.003
57873.74816,OGLE-I,13.724,0.003
57873.795,OGLE-I,13.727,0.003
57873.86419,OGLE-I,13.726,0.003
57873.91483,OGLE-I,13.725,0.003
57874.67766,OGLE-I,13.72,0.003
57874.73263,OGLE-I,13.722,0.003
57874.78911,OGLE-I,13.723,0.003
57874.83828,OGLE-I,13.721,0.003
57874.88687,OGLE-I,13.724,0.003
57874.93331,OGLE-I,13.722,0.003
57875.82652,OGLE-I,13.729,0.003
57875.88514,OGLE-I,13.726,0.003
57875.92249,OGLE-I,13.724,0.003
57876.67343,OGLE-I,13.722,0.003
57876.72026,OGLE-I,13.72,0.003
57876.77825,OGLE-I,13.721,0.003
57876.84257,OGLE-I,13.726,0.003
57876.89004,OGLE-I,13.728,0.003
57877.65153,OGLE-I,13.722,0.003
57877.69758,OGLE-I,13.722,0.003
57877.75419,OGLE-I,13.728,0.003
57877.81245,OGLE-I,13.73,0.003
57877.86219,OGLE-I,13.724,0.003
57878.65659,OGLE-I,13.717,0.003
57878.75049,OGLE-I,13.726,0.003
57878.80874,OGLE-I,13.732,0.003
57878.86928,OGLE-I,13.724,0.003
57878.91532,OGLE-I,13.724,0.003
57879.6781,OGLE-I,13.723,0.003
57879.72449,OGLE-I,13.722,0.003
57879.77051,OGLE-I,13.728,0.003
57879.8617,OGLE-I,13.721,0.003
57880.67635,OGLE-I,13.727,0.003
57880.72236,OGLE-I,13.723,0.003
57880.76869,OGLE-I,13.727,0.003
57880.82878,OGLE-I,13.721,0.003
57880.88331,OGLE-I,13.726,0.003
57881.76732,OGLE-I,13.723,0.003
57881.81679,OGLE-I,13.725,0.003
57881.86639,OGLE-I,13.723,0.003
57881.92109,OGLE-I,13.724,0.003
57882.71178,OGLE-I,13.72,0.003
57882.75765,OGLE-I,13.716,0.003
57882.82632,OGLE-I,13.726,0.003
57882.87367,OGLE-I,13.721,0.003
57882.9293,OGLE-I,13.723,0.003
57889.88981,OGLE-I,13.732,0.003
57889.93708,OGLE-I,13.721,0.003
57890.72561,OGLE-I,13.722,0.003
57890.79391,OGLE-I,13.725,0.003
57890.86895,OGLE-I,13.724,0.003
57893.62725,OGLE-I,13.725,0.003
57893.67309,OGLE-I,13.72,0.003
57893.71944,OGLE-I,13.727,0.003
57893.77537,OGLE-I,13.726,0.003
57893.83337,OGLE-I,13.726,0.003
57893.88076,OGLE-I,13.73,0.003
57893.92676,OGLE-I,13.731,0.003
57894.61621,OGLE-I,13.723,0.003
57894.65691,OGLE-I,13.723,0.003
57894.71235,OGLE-I,13.724,0.003
57894.76825,OGLE-I,13.727,0.003
57894.81575,OGLE-I,13.725,0.003
57894.86258,OGLE-I,13.726,0.003
57894.90928,OGLE-I,13.724,0.003
57895.60363,OGLE-I,13.724,0.003
57895.67883,OGLE-I,13.725,0.003
57895.79869,OGLE-I,13.729,0.003
57897.6673,OGLE-I,13.729,0.003
57897.7142,OGLE-I,13.724,0.003
57897.77126,OGLE-I,13.727,0.003
57900.90707,OGLE-I,13.721,0.003
57900.9389,OGLE-I,13.718,0.003
57901.63527,OGLE-I,13.725,0.003
57901.68453,OGLE-I,13.727,0.003
57901.76427,OGLE-I,13.728,0.003
57901.82306,OGLE-I,13.728,0.003
57902.59671,OGLE-I,13.719,0.003
57902.63985,OGLE-I,13.721,0.003
57902.68719,OGLE-I,13.725,0.003
57902.7472,OGLE-I,13.724,0.003
57902.80318,OGLE-I,13.724,0.003
57902.9011,OGLE-I,13.722,0.003
57903.75074,OGLE-I,13.725,0.003
57903.80889,OGLE-I,13.721,0.003
57903.86469,OGLE-I,13.719,0.003
57903.91086,OGLE-I,13.725,0.003
57904.60874,OGLE-I,13.718,0.003
57904.65416,OGLE-I,13.729,0.003
57904.70768,OGLE-I,13.728,0.003
57904.76709,OGLE-I,13.729,0.003
57904.81539,OGLE-I,13.728,0.003
57904.8616,OGLE-I,13.726,0.003
57904.90714,OGLE-I,13.724,0.003
57905.57375,OGLE-I,13.726,0.003
57905.62102,OGLE-I,13.723,0.003
57905.66763,OGLE-I,13.729,0.003
57905.72295,OGLE-I,13.726,0.003
57905.78164,OGLE-I,13.728,0.003
57905.82857,OGLE-I,13.73,0.003
57905.87627,OGLE-I,13.727,0.003
57905.93198,OGLE-I,13.724,0.003
57906.58471,OGLE-I,13.723,0.003
57906.63062,OGLE-I,13.726,0.003
57906.6877,OGLE-I,13.729,0.003
57906.74403,OGLE-I,13.736,0.003
57906.79452,OGLE-I,13.73,0.003
57906.84114,OGLE-I,13.724,0.003
57906.88789,OGLE-I,13.728,0.003
57906.93408,OGLE-I,13.725,0.003
57907.62901,OGLE-I,13.726,0.003
57907.68284,OGLE-I,13.731,0.003
57907.73092,OGLE-I,13.73,0.003
57907.76722,OGLE-I,13.726,0.003
57908.56645,OGLE-I,13.727,0.003
57908.60075,OGLE-I,13.729,0.003
57908.64706,OGLE-I,13.727,0.003
57908.70246,OGLE-I,13.725,0.003
57908.76072,OGLE-I,13.724,0.003
57908.80837,OGLE-I,13.727,0.003
57908.85485,OGLE-I,13.727,0.003
57908.9016,OGLE-I,13.727,0.003
57908.93323,OGLE-I,13.725,0.003
57909.5792,OGLE-I,13.721,0.003
57909.62733,OGLE-I,13.722,0.003
57909.68389,OGLE-I,13.725,0.003
57909.73097,OGLE-I,13.728,0.003
57909.77947,OGLE-I,13.725,0.003
57909.82669,OGLE-I,13.722,0.003
57909.86664,OGLE-I,13.726,0.003
57909.91129,OGLE-I,13.722,0.003
57909.94097,OGLE-I,13.719,0.003
57910.58112,OGLE-I,13.724,0.003
57910.62704,OGLE-I,13.723,0.003
57910.68349,OGLE-I,13.726,0.003
57910.74337,OGLE-I,13.729,0.003
57910.79065,OGLE-I,13.732,0.003
57910.8496,OGLE-I,13.729,0.003
57910.89266,OGLE-I,13.726,0.003
57911.55721,OGLE-I,13.726,0.003
57911.59451,OGLE-I,13.721,0.003
57911.64106,OGLE-I,13.728,0.003
57911.68832,OGLE-I,13.725,0.003
57911.75889,OGLE-I,13.725,0.003
57911.85071,OGLE-I,13.728,0.003
57916.60929,OGLE-I,13.731,0.003
57916.65165,OGLE-I,13.729,0.003
57916.6919,OGLE-I,13.728,0.003
57916.78091,OGLE-I,13.733,0.003
57916.82184,OGLE-I,13.732,0.003
57917.53854,OGLE-I,13.728,0.003
57917.5876,OGLE-I,13.726,0.003
57917.63765,OGLE-I,13.726,0.003
57917.68532,OGLE-I,13.726,0.003
57917.73599,OGLE-I,13.724,0.003
57917.78328,OGLE-I,13.726,0.003
57917.82933,OGLE-I,13.727,0.003
57917.87511,OGLE-I,13.724,0.003
57917.91865,OGLE-I,13.726,0.003
57918.61417,OGLE-I,13.727,0.003
57918.69316,OGLE-I,13.725,0.003
57922.59895,OGLE-I,13.722,0.003
57922.64517,OGLE-I,13.722,0.003
57922.71174,OGLE-I,13.723,0.003
57923.52265,OGLE-I,13.726,0.003
57923.5679,OGLE-I,13.721,0.003
57923.61373,OGLE-I,13.727,0.003
57923.67689,OGLE-I,13.723,0.003
57923.73551,OGLE-I,13.725,0.003
57923.78338,OGLE-I,13.724,0.003
57923.8288,OGLE-I,13.723,0.003
57923.88366,OGLE-I,13.724,0.003
57924.52409,OGLE-I,13.723,0.003
57924.57016,OGLE-I,13.725,0.003
57924.616,OGLE-I,13.726,0.003
57924.66045,OGLE-I,13.724,0.003
57924.72672,OGLE-I,13.725,0.003
57924.77399,OGLE-I,13.727,0.003
57924.81974,OGLE-I,13.725,0.003
57924.86622,OGLE-I,13.724,0.003
57925.5941,OGLE-I,13.722,0.003
57925.64004,OGLE-I,13.721,0.003
57925.7047,OGLE-I,13.726,0.003
57925.7608,OGLE-I,13.721,0.003
57925.80856,OGLE-I,13.722,0.003
57925.86069,OGLE-I,13.718,0.003
57926.57785,OGLE-I,13.717,0.003
57926.63261,OGLE-I,13.718,0.003
57926.70859,OGLE-I,13.716,0.003
57926.75963,OGLE-I,13.72,0.003
57926.81366,OGLE-I,13.72,0.003
57928.57551,OGLE-I,13.725,0.003
57928.62308,OGLE-I,13.724,0.003
57928.67357,OGLE-I,13.726,0.003
57929.81791,OGLE-I,13.722,0.003
57932.63464,OGLE-I,13.722,0.003
57932.69312,OGLE-I,13.725,0.003
57932.75306,OGLE-I,13.725,0.003
57932.79871,OGLE-I,13.724,0.003
57932.84429,OGLE-I,13.724,0.003
57933.61308,OGLE-I,13.72,0.003
57933.66018,OGLE-I,13.719,0.003
57933.71917,OGLE-I,13.721,0.003
57933.77642,OGLE-I,13.722,0.003
57933.81252,OGLE-I,13.716,0.003
57933.8243,OGLE-I,13.723,0.003
57933.83313,OGLE-I,13.718,0.003
57933.84709,OGLE-I,13.716,0.003
57934.51761,OGLE-I,13.719,0.003
57934.56341,OGLE-I,13.721,0.003
57934.60903,OGLE-I,13.72,0.003
57934.6839,OGLE-I,13.725,0.003
57934.71595,OGLE-I,13.716,0.003
57934.76337,OGLE-I,13.723,0.003
57934.80922,OGLE-I,13.717,0.003
57934.84997,OGLE-I,13.721,0.003
57935.50246,OGLE-I,13.717,0.003
57935.54887,OGLE-I,13.719,0.003
57935.60586,OGLE-I,13.717,0.003
57935.66348,OGLE-I,13.72,0.003
57935.71253,OGLE-I,13.724,0.003
57935.75942,OGLE-I,13.709,0.003
57935.80576,OGLE-I,13.722,0.003
57935.86863,OGLE-I,13.722,0.003
57935.8785,OGLE-I,13.721,0.003
57936.51044,OGLE-I,13.721,0.003
57936.55682,OGLE-I,13.722,0.003
57936.60528,OGLE-I,13.718,0.003
57936.6673,OGLE-I,13.717,0.003
57936.72485,OGLE-I,13.721,0.003
57936.78145,OGLE-I,13.72,0.003
57936.82917,OGLE-I,13.719,0.003
57936.86838,OGLE-I,13.722,0.003
57937.49858,OGLE-I,13.717,0.003
57937.5465,OGLE-I,13.718,0.003
57937.59402,OGLE-I,13.72,0.003
57937.64125,OGLE-I,13.717,0.003
57937.69953,OGLE-I,13.721,0.003
57937.75747,OGLE-I,13.72,0.003
57937.80458,OGLE-I,13.722,0.003
57938.52209,OGLE-I,13.717,0.003
57938.56923,OGLE-I,13.722,0.003
57938.61933,OGLE-I,13.715,0.003
57944.4658,OGLE-I,13.718,0.003
57944.50691,OGLE-I,13.724,0.003
57944.54606,OGLE-I,13.718,0.003
57944.58611,OGLE-I,13.72,0.003
57944.62506,OGLE-I,13.725,0.003
57944.67335,OGLE-I,13.72,0.003
57944.72218,OGLE-I,13.722,0.003
57944.76987,OGLE-I,13.707,0.003
57944.81008,OGLE-I,13.723,0.003
57944.83887,OGLE-I,13.717,0.003
57945.48844,OGLE-I,13.724,0.003
57945.53081,OGLE-I,13.722,0.003
57945.57868,OGLE-I,13.724,0.003
57945.62509,OGLE-I,13.723,0.003
57945.67395,OGLE-I,13.724,0.003
57945.72176,OGLE-I,13.723,0.003
57945.76883,OGLE-I,13.723,0.003
57945.81583,OGLE-I,13.723,0.003
57946.47314,OGLE-I,13.722,0.003
57946.51203,OGLE-I,13.721,0.003
57946.5691,OGLE-I,13.726,0.003
57946.61681,OGLE-I,13.725,0.003
57946.68253,OGLE-I,13.723,0.003
57946.73031,OGLE-I,13.723,0.003
57946.77854,OGLE-I,13.724,0.003
57946.82611,OGLE-I,13.724,0.003
57947.52288,OGLE-I,13.725,0.003
57947.56852,OGLE-I,13.727,0.003
57947.6165,OGLE-I,13.724,0.003
57947.76061,OGLE-I,13.724,0.003
57947.79856,OGLE-I,13.718,0.003
57948.48047,OGLE-I,13.718,0.003
57948.52206,OGLE-I,13.724,0.003
57948.58923,OGLE-I,13.725,0.003
57948.63937,OGLE-I,13.721,0.003
57948.68836,OGLE-I,13.724,0.003
57948.75886,OGLE-I,13.722,0.003
57948.80544,OGLE-I,13.721,0.003
57949.55479,OGLE-I,13.724,0.003
57949.59417,OGLE-I,13.709,0.003
57949.64858,OGLE-I,13.723,0.003
57949.70297,OGLE-I,13.724,0.003
57949.75611,OGLE-I,13.723,0.003
57952.70653,OGLE-I,13.722,0.003
57952.76616,OGLE-I,13.722,0.003
57952.81233,OGLE-I,13.725,0.003
57953.48953,OGLE-I,13.718,0.003
57953.53994,OGLE-I,13.725,0.003
57953.60869,OGLE-I,13.727,0.003
57953.66527,OGLE-I,13.725,0.003
57953.71512,OGLE-I,13.729,0.003
57953.7664,OGLE-I,13.723,0.003
57953.81519,OGLE-I,13.721,0.003
57954.50615,OGLE-I,13.725,0.003
57954.55718,OGLE-I,13.709,0.003
57954.63223,OGLE-I,13.726,0.003
57954.68562,OGLE-I,13.726,0.003
57954.75048,OGLE-I,13.725,0.003
57955.71555,OGLE-I,13.726,0.003
57955.77019,OGLE-I,13.726,0.003
57955.81272,OGLE-I,13.725,0.003
57956.52535,OGLE-I,13.719,0.003
57956.58136,OGLE-I,13.723,0.003
57956.64854,OGLE-I,13.725,0.003
57956.69853,OGLE-I,13.722,0.003
57956.74728,OGLE-I,13.725,0.003
57956.79863,OGLE-I,13.723,0.003
57957.65624,OGLE-I,13.723,0.003
57957.70675,OGLE-I,13.722,0.003
57957.78583,OGLE-I,13.719,0.003
57958.60132,OGLE-I,13.725,0.003
57958.63509,OGLE-I,13.723,0.003
57958.67725,OGLE-I,13.721,0.003
57958.73072,OGLE-I,13.724,0.003
57958.7774,OGLE-I,13.725,0.003
57959.47736,OGLE-I,13.723,0.003
57959.51369,OGLE-I,13.722,0.003
57959.56206,OGLE-I,13.722,0.003
57959.61276,OGLE-I,13.725,0.003
57959.66272,OGLE-I,13.727,0.003
57959.71231,OGLE-I,13.725,0.003
57959.76342,OGLE-I,13.724,0.003
57959.79987,OGLE-I,13.73,0.003
57960.50154,OGLE-I,13.724,0.003
57960.55052,OGLE-I,13.724,0.003
57960.61841,OGLE-I,13.72,0.003
57960.66951,OGLE-I,13.728,0.003
57960.71992,OGLE-I,13.728,0.003
57960.7798,OGLE-I,13.721,0.003
57960.80147,OGLE-I,13.721,0.003
57961.56953,OGLE-I,13.723,0.003
57961.61197,OGLE-I,13.725,0.003
57961.64727,OGLE-I,13.728,0.003
57961.70612,OGLE-I,13.722,0.003
57961.77732,OGLE-I,13.727,0.003
57962.50936,OGLE-I,13.727,0.003
57962.55951,OGLE-I,13.729,0.003
57962.76035,OGLE-I,13.724,0.003
57963.71889,OGLE-I,13.728,0.003
57964.54898,OGLE-I,13.73,0.003
57964.59348,OGLE-I,13.724,0.003
57964.64295,OGLE-I,13.726,0.003
57964.69578,OGLE-I,13.723,0.003
57964.79256,OGLE-I,13.726,0.003
57965.65569,OGLE-I,13.726,0.003
57965.6863,OGLE-I,13.731,0.003
57966.48042,OGLE-I,13.726,0.003
57966.54885,OGLE-I,13.729,0.003
57966.57923,OGLE-I,13.729,0.003
57966.63071,OGLE-I,13.732,0.003
57966.67892,OGLE-I,13.729,0.003
57966.72559,OGLE-I,13.726,0.003
57967.59609,OGLE-I,13.726,0.003
57967.68045,OGLE-I,13.73,0.003
57967.73793,OGLE-I,13.728,0.003
57971.50003,OGLE-I,13.723,0.003
57971.53917,OGLE-I,13.724,0.003
57971.58058,OGLE-I,13.721,0.003
57971.61456,OGLE-I,13.728,0.003
57971.65332,OGLE-I,13.723,0.003
57971.69259,OGLE-I,13.726,0.003
57971.7313,OGLE-I,13.724,0.003
57972.51217,OGLE-I,13.724,0.003
57972.54735,OGLE-I,13.725,0.003
57972.58872,OGLE-I,13.726,0.003
57972.63073,OGLE-I,13.726,0.003
57972.67701,OGLE-I,13.729,0.003
57972.72102,OGLE-I,13.727,0.003
57972.75154,OGLE-I,13.728,0.003
57973.55713,OGLE-I,13.727,0.003
57973.61752,OGLE-I,13.722,0.003
57973.6652,OGLE-I,13.723,0.003
57973.7398,OGLE-I,13.728,0.003
57974.51261,OGLE-I,13.725,0.003
57974.56117,OGLE-I,13.725,0.003
57974.61252,OGLE-I,13.725,0.003
57974.66028,OGLE-I,13.725,0.003
57974.71031,OGLE-I,13.725,0.003
57975.47369,OGLE-I,13.731,0.003
57975.64106,OGLE-I,13.731,0.003
57979.49899,OGLE-I,13.731,0.003
57979.55781,OGLE-I,13.73,0.003
57979.60851,OGLE-I,13.728,0.003
57979.66903,OGLE-I,13.731,0.003
57980.51587,OGLE-I,13.732,0.003
57980.57788,OGLE-I,13.727,0.003
57980.62436,OGLE-I,13.728,0.003
57980.67212,OGLE-I,13.724,0.003
57981.51673,OGLE-I,13.728,0.003
57981.59819,OGLE-I,13.727,0.003
57981.64527,OGLE-I,13.731,0.003
57982.47393,OGLE-I,13.728,0.003
57982.53888,OGLE-I,13.723,0.003
57982.58642,OGLE-I,13.727,0.003
57982.63479,OGLE-I,13.73,0.003
57983.49775,OGLE-I,13.726,0.003
57983.54674,OGLE-I,13.73,0.003
57983.59392,OGLE-I,13.729,0.003
57983.63927,OGLE-I,13.731,0.003
57984.48666,OGLE-I,13.724,0.003
57984.53834,OGLE-I,13.726,0.003
57984.58864,OGLE-I,13.729,0.003
57984.63582,OGLE-I,13.728,0.003
57985.50081,OGLE-I,13.725,0.003
57985.55639,OGLE-I,13.727,0.003
57985.60299,OGLE-I,13.725,0.003
57986.49016,OGLE-I,13.726,0.003
57986.56155,OGLE-I,13.729,0.003
57986.61262,OGLE-I,13.728,0.003
57986.66231,OGLE-I,13.724,0.003
57987.51547,OGLE-I,13.73,0.003
57987.57269,OGLE-I,13.727,0.003
57987.62939,OGLE-I,13.727,0.003
57990.47623,OGLE-I,13.725,0.003
57990.53385,OGLE-I,13.726,0.003
57990.59328,OGLE-I,13.728,0.003
57990.6388,OGLE-I,13.727,0.003
57991.49323,OGLE-I,13.734,0.003
57991.54369,OGLE-I,13.729,0.003
57991.61097,OGLE-I,13.727,0.003
57991.65732,OGLE-I,13.729,0.003
57992.50999,OGLE-I,13.729,0.003
57992.55812,OGLE-I,13.729,0.003
57992.61353,OGLE-I,13.73,0.003
57993.47721,OGLE-I,13.725,0.003
57993.52623,OGLE-I,13.727,0.003
57993.57365,OGLE-I,13.726,0.003
57993.62053,OGLE-I,13.728,0.003
57994.49029,OGLE-I,13.727,0.003
57994.53915,OGLE-I,13.728,0.003
57994.58605,OGLE-I,13.729,0.003
57994.63485,OGLE-I,13.723,0.003
57998.49173,OGLE-I,13.725,0.003
57998.53124,OGLE-I,13.727,0.003
57998.56853,OGLE-I,13.726,0.003
58000.47664,OGLE-I,13.724,0.003
58000.51694,OGLE-I,13.725,0.003
58000.55893,OGLE-I,13.726,0.003
58000.60226,OGLE-I,13.729,0.003
58001.4777,OGLE-I,13.73,0.003
58001.52664,OGLE-I,13.737,0.003
58001.57326,OGLE-I,13.735,0.003
58001.61948,OGLE-I,13.735,0.003
58002.52855,OGLE-I,13.727,0.003
58002.57508,OGLE-I,13.726,0.003
58003.53242,OGLE-I,13.726,0.003
58003.6039,OGLE-I,13.722,0.003
58004.51923,OGLE-I,13.73,0.003
58004.57603,OGLE-I,13.72,0.003
58005.47707,OGLE-I,13.728,0.003
58007.5135,OGLE-I,13.727,0.003
58007.57195,OGLE-I,13.729,0.003
58008.51729,OGLE-I,13.729,0.003
58008.57423,OGLE-I,13.727,0.003
58010.51978,OGLE-I,13.723,0.003
58010.57987,OGLE-I,13.726,0.003
58011.56949,OGLE-I,13.723,0.003
58012.49776,OGLE-I,13.725,0.003
58012.5544,OGLE-I,13.726,0.003
58013.48416,OGLE-I,13.729,0.003
58013.54253,OGLE-I,13.722,0.003
58014.48025,OGLE-I,13.73,0.003
58014.53626,OGLE-I,13.73,0.003
58014.5836,OGLE-I,13.726,0.003
58015.50867,OGLE-I,13.718,0.003
58015.5697,OGLE-I,13.723,0.003
58016.511,OGLE-I,13.719,0.003
58016.55843,OGLE-I,13.721,0.003
58017.52076,OGLE-I,13.727,0.003
58017.56669,OGLE-I,13.727,0.003
58018.53124,OGLE-I,13.728,0.003
58019.48241,OGLE-I,13.73,0.003
58019.54228,OGLE-I,13.727,0.003
58020.50507,OGLE-I,13.724,0.003
58020.56058,OGLE-I,13.725,0.003
58021.52063,OGLE-I,13.725,0.003
58026.5236,OGLE-I,13.724,0.003
58028.49427,OGLE-I,13.716,0.003
58029.52416,OGLE-I,13.722,0.003
58030.48391,OGLE-I,13.729,0.003
58030.53154,OGLE-I,13.727,0.003
58032.53137,OGLE-I,13.719,0.003
58035.54606,OGLE-I,13.726,0.003
58036.55442,OGLE-I,13.724,0.003
58039.51465,OGLE-I,13.723,0.003
58040.49715,OGLE-I,13.723,0.003
58040.54562,OGLE-I,13.727,0.003
58041.50221,OGLE-I,13.727,0.003
58048.49773,OGLE-I,13.731,0.003
58053.51219,OGLE-I,13.723,0.003
58054.52842,OGLE-I,13.723,0.003
58057.50527,OGLE-I,13.729,0.003
58151.88252,OGLE-I,13.735,0.003
58152.87997,OGLE-I,13.731,0.003
58153.8774,OGLE-I,13.727,0.003
58155.87502,OGLE-I,13.726,0.003
58156.88291,OGLE-I,13.731,0.003
58161.87573,OGLE-I,13.731,0.003
58162.86188,OGLE-I,13.726,0.003
58163.85382,OGLE-I,13.727,0.003
58164.84746,OGLE-I,13.726,0.003
58164.88607,OGLE-I,13.727,0.003
58165.87215,OGLE-I,13.72,0.003
58166.85393,OGLE-I,13.73,0.003
58166.89141,OGLE-I,13.73,0.003
58167.86547,OGLE-I,13.725,0.003
58168.83529,OGLE-I,13.72,0.003
58168.87327,OGLE-I,13.728,0.003
58169.8354,OGLE-I,13.725,0.003
58169.87277,OGLE-I,13.722,0.003
58170.83216,OGLE-I,13.731,0.003
58170.86988,OGLE-I,13.729,0.003
58171.82917,OGLE-I,13.728,0.003
58171.86645,OGLE-I,13.729,0.003
58172.82684,OGLE-I,13.729,0.003
58172.86446,OGLE-I,13.729,0.003
58173.82244,OGLE-I,13.731,0.003
58173.86154,OGLE-I,13.733,0.003
58174.81944,OGLE-I,13.727,0.003
58174.85695,OGLE-I,13.724,0.003
58174.89429,OGLE-I,13.729,0.003
58175.84291,OGLE-I,13.726,0.003
58175.88069,OGLE-I,13.727,0.003
58176.82329,OGLE-I,13.726,0.003
58176.86112,OGLE-I,13.726,0.003
58181.80032,OGLE-I,13.729,0.003
58181.84166,OGLE-I,13.729,0.003
58181.88182,OGLE-I,13.73,0.003
58182.84523,OGLE-I,13.731,0.003
58182.89209,OGLE-I,13.728,0.003
58183.81803,OGLE-I,13.726,0.003
58183.86654,OGLE-I,13.727,0.003
58184.8037,OGLE-I,13.726,0.003
58184.85434,OGLE-I,13.734,0.003
58184.89363,OGLE-I,13.731,0.003
58185.83673,OGLE-I,13.73,0.003
58185.87537,OGLE-I,13.726,0.003
58189.78336,OGLE-I,13.726,0.003
58189.83458,OGLE-I,13.73,0.003
58189.88107,OGLE-I,13.734,0.003
58190.82456,OGLE-I,13.729,0.003
58190.88124,OGLE-I,13.73,0.003
58191.79563,OGLE-I,13.72,0.003
58191.84308,OGLE-I,13.723,0.003
58191.89928,OGLE-I,13.723,0.003
58192.81328,OGLE-I,13.727,0.003
58192.86988,OGLE-I,13.727,0.003
58193.78405,OGLE-I,13.725,0.003
58193.83135,OGLE-I,13.727,0.003
58193.87894,OGLE-I,13.733,0.003
58194.77722,OGLE-I,13.725,0.003
58194.82544,OGLE-I,13.73,0.003
58194.88059,OGLE-I,13.729,0.003
58195.76821,OGLE-I,13.731,0.003
58195.81384,OGLE-I,13.727,0.003
58195.87151,OGLE-I,13.734,0.003
58196.76783,OGLE-I,13.731,0.003
58196.81369,OGLE-I,13.738,0.003
58196.86966,OGLE-I,13.731,0.003
58196.91598,OGLE-I,13.732,0.003
58197.78434,OGLE-I,13.728,0.003
58197.83019,OGLE-I,13.73,0.003
58197.8853,OGLE-I,13.737,0.003
58198.75568,OGLE-I,13.728,0.003
58198.80192,OGLE-I,13.73,0.003
58198.84745,OGLE-I,13.733,0.003
58198.90272,OGLE-I,13.729,0.003
58199.77647,OGLE-I,13.728,0.003
58199.82196,OGLE-I,13.73,0.003
58199.8771,OGLE-I,13.73,0.003
58200.78259,OGLE-I,13.726,0.003
58200.8286,OGLE-I,13.729,0.003
58200.88421,OGLE-I,13.731,0.003
58201.74595,OGLE-I,13.726,0.003
58201.79378,OGLE-I,13.725,0.003
58201.83949,OGLE-I,13.727,0.003
58201.89428,OGLE-I,13.73,0.003
58202.76109,OGLE-I,13.727,0.003
58202.80658,OGLE-I,13.731,0.003
58202.86131,OGLE-I,13.732,0.003
58202.90787,OGLE-I,13.731,0.003
58203.77754,OGLE-I,13.731,0.003
58203.82337,OGLE-I,13.731,0.003
58203.86955,OGLE-I,13.728,0.003
58204.73989,OGLE-I,13.735,0.003
58204.78615,OGLE-I,13.731,0.003
58204.83149,OGLE-I,13.735,0.003
58204.88648,OGLE-I,13.729,0.003
58205.73882,OGLE-I,13.73,0.003
58205.78709,OGLE-I,13.733,0.003
58205.84514,OGLE-I,13.73,0.003
58205.89994,OGLE-I,13.732,0.003
58206.75176,OGLE-I,13.73,0.003
58206.79745,OGLE-I,13.731,0.003
58206.84294,OGLE-I,13.738,0.003
58206.89858,OGLE-I,13.741,0.003
58207.7478,OGLE-I,13.727,0.003
58207.79331,OGLE-I,13.723,0.003
58207.83946,OGLE-I,13.723,0.003
58207.88547,OGLE-I,13.734,0.003
58208.7442,OGLE-I,13.727,0.003
58208.78964,OGLE-I,13.731,0.003
58208.83549,OGLE-I,13.737,0.003
58208.89101,OGLE-I,13.73,0.003
58209.74241,OGLE-I,13.725,0.003
58209.78705,OGLE-I,13.73,0.003
58209.83308,OGLE-I,13.734,0.003
58209.87878,OGLE-I,13.734,0.003
58209.92556,OGLE-I,13.728,0.003
58210.75533,OGLE-I,13.731,0.003
58211.73734,OGLE-I,13.731,0.003
58211.78322,OGLE-I,13.727,0.003
58211.82907,OGLE-I,13.731,0.003
58211.87532,OGLE-I,13.726,0.003
58211.92328,OGLE-I,13.729,0.003
58212.74754,OGLE-I,13.723,0.003
58212.7816,OGLE-I,13.721,0.003
58212.8246,OGLE-I,13.732,0.003
58212.87028,OGLE-I,13.731,0.003
58212.91818,OGLE-I,13.737,0.003
58217.80415,OGLE-I,13.723,0.003
58217.85995,OGLE-I,13.727,0.003
58217.90976,OGLE-I,13.726,0.003
58220.71407,OGLE-I,13.727,0.003
58220.79195,OGLE-I,13.727,0.003
58220.85204,OGLE-I,13.728,0.003
58220.91149,OGLE-I,13.731,0.003
58221.74482,OGLE-I,13.724,0.003
58221.78622,OGLE-I,13.727,0.003
58221.83744,OGLE-I,13.728,0.003
58221.89639,OGLE-I,13.73,0.003
58222.71382,OGLE-I,13.726,0.003
58222.7598,OGLE-I,13.725,0.003
58222.82292,OGLE-I,13.727,0.003
58222.88425,OGLE-I,13.727,0.003
58223.77508,OGLE-I,13.731,0.003
58223.84259,OGLE-I,13.729,0.003
58223.8956,OGLE-I,13.726,0.003
58224.70775,OGLE-I,13.728,0.003
58224.7542,OGLE-I,13.729,0.003
58224.8267,OGLE-I,13.728,0.003
58224.87564,OGLE-I,13.728,0.003
58225.79184,OGLE-I,13.724,0.003
58225.88859,OGLE-I,13.727,0.003
58226.85033,OGLE-I,13.733,0.003
58226.89894,OGLE-I,13.725,0.003
58227.70923,OGLE-I,13.731,0.003
58227.75546,OGLE-I,13.731,0.003
58227.83403,OGLE-I,13.731,0.003
58227.88201,OGLE-I,13.734,0.003
58228.72902,OGLE-I,13.731,0.003
58228.77855,OGLE-I,13.729,0.003
58228.82745,OGLE-I,13.733,0.003
58228.90379,OGLE-I,13.736,0.003
58229.70849,OGLE-I,13.719,0.003
58229.77357,OGLE-I,13.727,0.003
58229.82244,OGLE-I,13.726,0.003
58229.87379,OGLE-I,13.732,0.003
58229.92047,OGLE-I,13.731,0.003
58230.72608,OGLE-I,13.725,0.003
58230.77441,OGLE-I,13.725,0.003
58230.84327,OGLE-I,13.73,0.003
58230.89487,OGLE-I,13.728,0.003
58232.79826,OGLE-I,13.726,0.003
58232.86764,OGLE-I,13.725,0.003
58233.70829,OGLE-I,13.725,0.003
58233.75966,OGLE-I,13.729,0.003
58235.71966,OGLE-I,13.728,0.003
58235.82808,OGLE-I,13.729,0.003
58236.71127,OGLE-I,13.725,0.003
58236.7813,OGLE-I,13.729,0.003
58238.68603,OGLE-I,13.723,0.003
58238.73998,OGLE-I,13.724,0.003
58238.78653,OGLE-I,13.729,0.003
58238.84358,OGLE-I,13.726,0.003
58238.89664,OGLE-I,13.73,0.003
58240.83326,OGLE-I,13.724,0.003
58244.68328,OGLE-I,13.73,0.003
58244.73081,OGLE-I,13.733,0.003
58244.78767,OGLE-I,13.73,0.003
58244.83744,OGLE-I,13.734,0.003
58244.90253,OGLE-I,13.735,0.003
58245.75394,OGLE-I,13.73,0.003
58245.8006,OGLE-I,13.725,0.003
58245.84959,OGLE-I,13.732,0.003
58245.89801,OGLE-I,13.731,0.003
58246.69102,OGLE-I,13.721,0.003
58246.73749,OGLE-I,13.728,0.003
58246.78782,OGLE-I,13.733,0.003
58246.84075,OGLE-I,13.731,0.003
58246.89501,OGLE-I,13.732,0.003
58247.63107,OGLE-I,13.732,0.003
58247.6754,OGLE-I,13.731,0.003
58247.72132,OGLE-I,13.732,0.003
58247.76785,OGLE-I,13.732,0.003
58247.82765,OGLE-I,13.737,0.003
58247.88287,OGLE-I,13.733,0.003
58247.93243,OGLE-I,13.729,0.003
58248.73806,OGLE-I,13.729,0.003
58249.6424,OGLE-I,13.718,0.003
58249.68888,OGLE-I,13.722,0.003
58249.73558,OGLE-I,13.72,0.003
58249.78226,OGLE-I,13.726,0.003
58249.84187,OGLE-I,13.719,0.003
58249.89757,OGLE-I,13.721,0.003
58250.64395,OGLE-I,13.724,0.003
58250.6967,OGLE-I,13.722,0.003
58250.74283,OGLE-I,13.728,0.003
58250.81017,OGLE-I,13.728,0.003
58250.85749,OGLE-I,13.728,0.003
58250.90649,OGLE-I,13.731,0.003
58251.62303,OGLE-I,13.726,0.003
58251.66877,OGLE-I,13.725,0.003
58251.71537,OGLE-I,13.73,0.003
58251.77544,OGLE-I,13.726,0.003
58251.82934,OGLE-I,13.725,0.003
58251.8827,OGLE-I,13.732,0.003
58251.93852,OGLE-I,13.73,0.003
58252.89289,OGLE-I,13.724,0.003
58252.93877,OGLE-I,13.729,0.003
58253.66316,OGLE-I,13.723,0.003
58253.71077,OGLE-I,13.727,0.003
58253.75738,OGLE-I,13.726,0.003
58253.83581,OGLE-I,13.731,0.003
58254.62795,OGLE-I,13.728,0.003
58254.68589,OGLE-I,13.729,0.003
58254.7432,OGLE-I,13.731,0.003
58254.82007,OGLE-I,13.734,0.003
58254.86642,OGLE-I,13.74,0.003
58254.9246,OGLE-I,13.735,0.003
58255.64085,OGLE-I,13.731,0.003
58255.70234,OGLE-I,13.731,0.003
58255.76135,OGLE-I,13.737,0.003
58255.84103,OGLE-I,13.732,0.003
58255.88758,OGLE-I,13.734,0.003
58255.93346,OGLE-I,13.734,0.003
58256.65072,OGLE-I,13.73,0.003
58256.69684,OGLE-I,13.73,0.003
58256.75547,OGLE-I,13.732,0.003
58256.80549,OGLE-I,13.73,0.003
58256.86083,OGLE-I,13.732,0.003
58256.91567,OGLE-I,13.733,0.003
58257.66176,OGLE-I,13.73,0.003
58257.71005,OGLE-I,13.726,0.003
58257.75869,OGLE-I,13.732,0.003
58257.80759,OGLE-I,13.72,0.003
58257.85713,OGLE-I,13.732,0.003
58257.92883,OGLE-I,13.729,0.003
58258.70663,OGLE-I,13.722,0.003
58258.75535,OGLE-I,13.719,0.003
58258.8143,OGLE-I,13.726,0.003
58258.87401,OGLE-I,13.728,0.003
58258.92774,OGLE-I,13.736,0.003
58259.68313,OGLE-I,13.726,0.003
58259.73865,OGLE-I,13.725,0.003
58259.79791,OGLE-I,13.727,0.003
58259.84935,OGLE-I,13.73,0.003
58259.90227,OGLE-I,13.727,0.003
58260.61482,OGLE-I,13.725,0.003
58260.74815,OGLE-I,13.736,0.003
58260.89766,OGLE-I,13.737,0.003
58261.63516,OGLE-I,13.723,0.003
58261.68795,OGLE-I,13.725,0.003
58261.74624,OGLE-I,13.71,0.003
58261.81865,OGLE-I,13.729,0.003
58261.88502,OGLE-I,13.728,0.003
58261.93253,OGLE-I,13.727,0.003
58262.6401,OGLE-I,13.723,0.003
58262.69003,OGLE-I,13.726,0.003
58262.7397,OGLE-I,13.726,0.003
58262.79269,OGLE-I,13.725,0.003
58262.85996,OGLE-I,13.722,0.003
58262.90737,OGLE-I,13.726,0.003
58263.62649,OGLE-I,13.726,0.003
58263.67968,OGLE-I,13.726,0.003
58263.73234,OGLE-I,13.731,0.003
58263.79652,OGLE-I,13.727,0.003
58263.84983,OGLE-I,13.732,0.003
58263.91162,OGLE-I,13.73,0.003
58264.71313,OGLE-I,13.731,0.003
58264.76238,OGLE-I,13.73,0.003
58264.81724,OGLE-I,13.735,0.003
58264.86453,OGLE-I,13.731,0.003
58264.92256,OGLE-I,13.73,0.003
58265.62576,OGLE-I,13.727,0.003
58265.67517,OGLE-I,13.726,0.003
58265.72755,OGLE-I,13.727,0.003
58265.77952,OGLE-I,13.73,0.003
58265.84923,OGLE-I,13.733,0.003
58266.59628,OGLE-I,13.724,0.003
58266.69719,OGLE-I,13.723,0.003
58266.7497,OGLE-I,13.72,0.003
58271.60969,OGLE-I,13.721,0.003
58271.65469,OGLE-I,13.72,0.003
58271.70655,OGLE-I,13.726,0.003
58271.80675,OGLE-I,13.724,0.003
58271.83325,OGLE-I,13.723,0.003
58271.87419,OGLE-I,13.724,0.003
58272.66286,OGLE-I,13.73,0.003
58272.72007,OGLE-I,13.725,0.003
58272.76944,OGLE-I,13.727,0.003
58272.82073,OGLE-I,13.729,0.003
58272.86959,OGLE-I,13.73,0.003
58272.91922,OGLE-I,13.725,0.003
58273.58888,OGLE-I,13.725,0.003
58273.63812,OGLE-I,13.724,0.003
58273.6899,OGLE-I,13.727,0.003
58273.75808,OGLE-I,13.725,0.003
58273.81018,OGLE-I,13.727,0.003
58273.88493,OGLE-I,13.729,0.003
58274.56769,OGLE-I,13.729,0.003
58274.61788,OGLE-I,13.725,0.003
58274.66614,OGLE-I,13.726,0.003
58274.71657,OGLE-I,13.726,0.003
58274.77779,OGLE-I,13.729,0.003
58274.82641,OGLE-I,13.73,0.003
58274.87728,OGLE-I,13.731,0.003
58274.92442,OGLE-I,13.724,0.003
58275.61121,OGLE-I,13.728,0.003
58275.66834,OGLE-I,13.727,0.003
58275.73567,OGLE-I,13.736,0.003
58275.7881,OGLE-I,13.733,0.003
58275.83703,OGLE-I,13.731,0.003
58275.88955,OGLE-I,13.732,0.003
58276.57001,OGLE-I,13.733,0.003
58276.61827,OGLE-I,13.732,0.003
58276.66502,OGLE-I,13.729,0.003
58276.72558,OGLE-I,13.734,0.003
58276.77645,OGLE-I,13.729,0.003
58276.82585,OGLE-I,13.732,0.003
58276.87483,OGLE-I,13.73,0.003
58277.61535,OGLE-I,13.726,0.003
58277.67596,OGLE-I,13.729,0.003
58277.73096,OGLE-I,13.726,0.003
58277.78136,OGLE-I,13.726,0.003
58277.82934,OGLE-I,13.726,0.003
58277.88213,OGLE-I,13.728,0.003
58277.9256,OGLE-I,13.726,0.003
58278.56446,OGLE-I,13.727,0.003
58278.61209,OGLE-I,13.728,0.003
58278.68357,OGLE-I,13.732,0.003
58278.81298,OGLE-I,13.73,0.003
58282.55052,OGLE-I,13.731,0.003
58282.59911,OGLE-I,13.731,0.003
58282.6466,OGLE-I,13.726,0.003
58282.70671,OGLE-I,13.73,0.003
58282.77546,OGLE-I,13.729,0.003
58282.83087,OGLE-I,13.727,0.003
58282.8794,OGLE-I,13.728,0.003
58282.92339,OGLE-I,13.725,0.003
58283.56343,OGLE-I,13.724,0.003
58283.60973,OGLE-I,13.727,0.003
58283.66551,OGLE-I,13.727,0.003
58283.72584,OGLE-I,13.723,0.003
58283.77653,OGLE-I,13.726,0.003
58283.82354,OGLE-I,13.729,0.003
58283.8719,OGLE-I,13.724,0.003
58283.92022,OGLE-I,13.722,0.003
58284.56332,OGLE-I,13.724,0.003
58284.61149,OGLE-I,13.726,0.003
58284.66738,OGLE-I,13.727,0.003
58284.72751,OGLE-I,13.722,0.003
58284.77706,OGLE-I,13.725,0.003
58284.82491,OGLE-I,13.728,0.003
58284.87396,OGLE-I,13.723,0.003
58284.92058,OGLE-I,13.724,0.003
58285.75988,OGLE-I,13.728,0.003
58285.79548,OGLE-I,13.725,0.003
58286.56313,OGLE-I,13.721,0.003
58286.60943,OGLE-I,13.726,0.003
58286.66828,OGLE-I,13.725,0.003
58286.73019,OGLE-I,13.727,0.003
58286.79303,OGLE-I,13.727,0.003
58286.85349,OGLE-I,13.728,0.003
58286.90387,OGLE-I,13.726,0.003
58287.54976,OGLE-I,13.727,0.003
58287.59731,OGLE-I,13.733,0.003
58287.66152,OGLE-I,13.728,0.003
58287.72094,OGLE-I,13.726,0.003
58287.78496,OGLE-I,13.732,0.003
58287.84638,OGLE-I,13.73,0.003
58287.89442,OGLE-I,13.722,0.003
58288.52688,OGLE-I,13.729,0.003
58288.5725,OGLE-I,13.729,0.003
58288.6274,OGLE-I,13.731,0.003
58288.6846,OGLE-I,13.73,0.003
58288.75813,OGLE-I,13.711,0.003
58288.80605,OGLE-I,13.734,0.003
58288.86607,OGLE-I,13.732,0.003
58289.52154,OGLE-I,13.726,0.003
58289.56859,OGLE-I,13.729,0.003
58289.61691,OGLE-I,13.733,0.003
58289.69157,OGLE-I,13.732,0.003
58289.7518,OGLE-I,13.734,0.003
58289.80871,OGLE-I,13.733,0.003
58289.85657,OGLE-I,13.729,0.003
58289.90083,OGLE-I,13.723,0.003
58290.56585,OGLE-I,13.732,0.003
58290.61608,OGLE-I,13.73,0.003
58290.68808,OGLE-I,13.733,0.003
58290.74732,OGLE-I,13.734,0.003
58290.8052,OGLE-I,13.728,0.003
58290.85349,OGLE-I,13.731,0.003
58291.5519,OGLE-I,13.729,0.003
58291.60941,OGLE-I,13.727,0.003
58291.67526,OGLE-I,13.726,0.003
58291.73669,OGLE-I,13.732,0.003
58291.79428,OGLE-I,13.726,0.003
58291.85497,OGLE-I,13.725,0.003
58291.89198,OGLE-I,13.725,0.003
58292.56831,OGLE-I,13.722,0.003
58292.61584,OGLE-I,13.727,0.003
58292.66501,OGLE-I,13.728,0.003
58292.73175,OGLE-I,13.725,0.003
58292.80144,OGLE-I,13.727,0.003
58292.86546,OGLE-I,13.728,0.003
58293.52907,OGLE-I,13.723,0.003
58293.57114,OGLE-I,13.725,0.003
58293.62597,OGLE-I,13.729,0.003
58293.69009,OGLE-I,13.727,0.003
58293.75091,OGLE-I,13.726,0.003
58293.83448,OGLE-I,13.718,0.003
58294.61731,OGLE-I,13.722,0.003
58294.66614,OGLE-I,13.721,0.003
58294.73034,OGLE-I,13.724,0.003
58294.80578,OGLE-I,13.718,0.003
58299.54096,OGLE-I,13.729,0.003
58299.69287,OGLE-I,13.729,0.003
58301.61758,OGLE-I,13.721,0.003
58301.6658,OGLE-I,13.725,0.003
58301.71944,OGLE-I,13.722,0.003
58301.76891,OGLE-I,13.724,0.003
58301.83206,OGLE-I,13.722,0.003
58302.6048,OGLE-I,13.727,0.003
58302.71072,OGLE-I,13.722,0.003
58304.52415,OGLE-I,13.726,0.003
58304.57032,OGLE-I,13.728,0.003
58304.61642,OGLE-I,13.727,0.003
58304.66939,OGLE-I,13.73,0.003
58304.71592,OGLE-I,13.724,0.003
58304.78189,OGLE-I,13.725,0.003
58305.53664,OGLE-I,13.726,0.003
58305.59561,OGLE-I,13.724,0.003
58305.66994,OGLE-I,13.725,0.003
58305.7253,OGLE-I,13.73,0.003
58305.78052,OGLE-I,13.726,0.003
58305.8305,OGLE-I,13.726,0.003
58306.63705,OGLE-I,13.724,0.003
58306.69006,OGLE-I,13.723,0.003
58306.73035,OGLE-I,13.724,0.003
58306.76934,OGLE-I,13.727,0.003
58306.81161,OGLE-I,13.726,0.003
58307.46991,OGLE-I,13.729,0.003
58307.5146,OGLE-I,13.729,0.003
58307.57151,OGLE-I,13.729,0.003
58307.62088,OGLE-I,13.727,0.003
58307.68017,OGLE-I,13.725,0.003
58307.72781,OGLE-I,13.728,0.003
58307.7848,OGLE-I,13.726,0.003
58307.83265,OGLE-I,13.731,0.003
58308.48463,OGLE-I,13.728,0.003
58308.53214,OGLE-I,13.733,0.003
58308.57811,OGLE-I,13.731,0.003
58308.63542,OGLE-I,13.728,0.003
58308.69342,OGLE-I,13.726,0.003
58308.74144,OGLE-I,13.728,0.003
58308.78817,OGLE-I,13.729,0.003
58308.83669,OGLE-I,13.728,0.003
58309.50352,OGLE-I,13.728,0.003
58309.55395,OGLE-I,13.729,0.003
58309.61177,OGLE-I,13.729,0.003
58309.67145,OGLE-I,13.73,0.003
58309.71955,OGLE-I,13.732,0.003
58309.7667,OGLE-I,13.734,0.003
58309.81306,OGLE-I,13.732,0.003
58310.47034,OGLE-I,13.723,0.003
58310.51897,OGLE-I,13.723,0.003
58310.55723,OGLE-I,13.726,0.003
58310.58909,OGLE-I,13.726,0.003
58310.62729,OGLE-I,13.731,0.003
58310.66757,OGLE-I,13.728,0.003
58310.70225,OGLE-I,13.726,0.003
58310.74447,OGLE-I,13.726,0.003
58310.80281,OGLE-I,13.727,0.003
58311.46935,OGLE-I,13.725,0.003
58311.51581,OGLE-I,13.728,0.003
58311.56474,OGLE-I,13.72,0.003
58311.61313,OGLE-I,13.724,0.003
58311.67118,OGLE-I,13.728,0.003
58311.72897,OGLE-I,13.727,0.003
58311.77516,OGLE-I,13.731,0.003
58311.82136,OGLE-I,13.729,0.003
58312.48545,OGLE-I,13.719,0.003
58312.53214,OGLE-I,13.727,0.003
58312.58271,OGLE-I,13.721,0.003
58312.6445,OGLE-I,13.723,0.003
58312.70794,OGLE-I,13.727,0.003
58312.76407,OGLE-I,13.731,0.003
58312.81406,OGLE-I,13.731,0.003
58313.48688,OGLE-I,13.728,0.003
58313.53332,OGLE-I,13.729,0.003
58313.58141,OGLE-I,13.736,0.003
58313.63225,OGLE-I,13.732,0.003
58313.68798,OGLE-I,13.731,0.003
58313.7348,OGLE-I,13.729,0.003
58313.78179,OGLE-I,13.733,0.003
58313.8251,OGLE-I,13.732,0.003
58314.49997,OGLE-I,13.728,0.003
58314.54852,OGLE-I,13.732,0.003
58314.59626,OGLE-I,13.731,0.003
58314.65418,OGLE-I,13.732,0.003
58314.71095,OGLE-I,13.729,0.003
58314.75732,OGLE-I,13.735,0.003
58314.80311,OGLE-I,13.726,0.003
58316.48472,OGLE-I,13.726,0.003
58316.53149,OGLE-I,13.733,0.003
58316.58109,OGLE-I,13.731,0.003
58316.63094,OGLE-I,13.726,0.003
58316.67992,OGLE-I,13.726,0.003
58316.74274,OGLE-I,13.73,0.003
58320.48753,OGLE-I,13.728,0.003
58320.53454,OGLE-I,13.733,0.003
58320.59066,OGLE-I,13.727,0.003
58320.64973,OGLE-I,13.737,0.003
58320.69836,OGLE-I,13.733,0.003
58320.74452,OGLE-I,13.733,0.003
58320.79101,OGLE-I,13.73,0.003
58321.52087,OGLE-I,13.73,0.003
58321.6009,OGLE-I,13.725,0.003
58328.46998,OGLE-I,13.721,0.003
58328.51892,OGLE-I,13.727,0.003
58328.56569,OGLE-I,13.728,0.003
58328.61468,OGLE-I,13.73,0.003
58328.66299,OGLE-I,13.724,0.003
58328.71092,OGLE-I,13.731,0.003
58328.75759,OGLE-I,13.731,0.003
58329.48493,OGLE-I,13.73,0.003
58329.54069,OGLE-I,13.729,0.003
58329.58775,OGLE-I,13.728,0.003
58329.63721,OGLE-I,13.726,0.003
58329.68372,OGLE-I,13.733,0.003
58329.72976,OGLE-I,13.732,0.003
58329.77437,OGLE-I,13.731,0.003
58330.50651,OGLE-I,13.727,0.003
58330.56123,OGLE-I,13.731,0.003
58331.46719,OGLE-I,13.721,0.003
58331.52326,OGLE-I,13.728,0.003
58331.58091,OGLE-I,13.726,0.003
58331.63019,OGLE-I,13.727,0.003
58331.67725,OGLE-I,13.726,0.003
58332.48373,OGLE-I,13.729,0.003
58332.53986,OGLE-I,13.73,0.003
58332.60022,OGLE-I,13.723,0.003
58332.64792,OGLE-I,13.725,0.003
58332.69445,OGLE-I,13.728,0.003
58333.48908,OGLE-I,13.728,0.003
58333.53654,OGLE-I,13.73,0.003
58333.59544,OGLE-I,13.727,0.003
58333.65468,OGLE-I,13.733,0.003
58334.49029,OGLE-I,13.731,0.003
58334.54804,OGLE-I,13.731,0.003
58334.60723,OGLE-I,13.726,0.003
58334.65538,OGLE-I,13.733,0.003
58334.75579,OGLE-I,13.733,0.003
58335.56788,OGLE-I,13.726,0.003
58335.68333,OGLE-I,13.733,0.003
58336.46926,OGLE-I,13.729,0.003
58336.52289,OGLE-I,13.729,0.003
58336.58425,OGLE-I,13.728,0.003
58336.64507,OGLE-I,13.738,0.003
58336.74039,OGLE-I,13.733,0.003
58338.501,OGLE-I,13.724,0.003
58338.55233,OGLE-I,13.725,0.003
58338.61282,OGLE-I,13.724,0.003
58338.7268,OGLE-I,13.726,0.003
58339.48566,OGLE-I,13.728,0.003
58339.55041,OGLE-I,13.733,0.003
58339.60882,OGLE-I,13.733,0.003
58339.72232,OGLE-I,13.726,0.003
58340.48509,OGLE-I,13.728,0.003
58340.57423,OGLE-I,13.73,0.003
58340.6424,OGLE-I,13.729,0.003
58340.74252,OGLE-I,13.722,0.003
58341.52502,OGLE-I,13.727,0.003
58341.58261,OGLE-I,13.729,0.003
58341.64166,OGLE-I,13.728,0.003
58342.47073,OGLE-I,13.723,0.003
58342.52555,OGLE-I,13.728,0.003
58342.60024,OGLE-I,13.727,0.003
58343.47977,OGLE-I,13.721,0.003
58343.55128,OGLE-I,13.721,0.003
58344.50269,OGLE-I,13.722,0.003
58344.55379,OGLE-I,13.719,0.003
58344.61744,OGLE-I,13.723,0.003
58344.71153,OGLE-I,13.728,0.003
58345.50239,OGLE-I,13.729,0.003
58345.55203,OGLE-I,13.727,0.003
58345.61408,OGLE-I,13.73,0.003
58345.70181,OGLE-I,13.732,0.003
58346.49853,OGLE-I,13.722,0.003
58346.55729,OGLE-I,13.729,0.003
58346.61525,OGLE-I,13.728,0.003
58346.7392,OGLE-I,13.73,0.003
58347.50303,OGLE-I,13.724,0.003
58347.56723,OGLE-I,13.721,0.003
58347.62402,OGLE-I,13.726,0.003
58347.71507,OGLE-I,13.724,0.003
58348.52822,OGLE-I,13.718,0.003
58348.5874,OGLE-I,13.729,0.003
58348.70363,OGLE-I,13.725,0.003
58349.53014,OGLE-I,13.724,0.003
58349.59122,OGLE-I,13.724,0.003
58349.72067,OGLE-I,13.731,0.003
58353.522,OGLE-I,13.725,0.003
58353.5764,OGLE-I,13.723,0.003
58353.62594,OGLE-I,13.723,0.003
58355.48867,OGLE-I,13.723,0.003
58355.53997,OGLE-I,13.723,0.003
58355.64057,OGLE-I,13.727,0.003
58355.68736,OGLE-I,13.728,0.003
58356.51385,OGLE-I,13.728,0.003
58356.63942,OGLE-I,13.734,0.003
58356.68705,OGLE-I,13.729,0.003
58357.49359,OGLE-I,13.722,0.003
58357.56194,OGLE-I,13.737,0.003
58357.68501,OGLE-I,13.732,0.003
58358.51451,OGLE-I,13.725,0.003
58358.58237,OGLE-I,13.73,0.003
58358.65815,OGLE-I,13.732,0.003
58358.69745,OGLE-I,13.729,0.003
58359.51803,OGLE-I,13.722,0.003
58359.57642,OGLE-I,13.727,0.003
58359.66512,OGLE-I,13.733,0.003
58360.50276,OGLE-I,13.719,0.003
58360.56209,OGLE-I,13.72,0.003
58360.60912,OGLE-I,13.723,0.003
58360.67964,OGLE-I,13.723,0.003
58361.5991,OGLE-I,13.725,0.003
58363.51241,OGLE-I,13.724,0.003
58363.58232,OGLE-I,13.728,0.003
58363.66908,OGLE-I,13.727,0.003
58364.49995,OGLE-I,13.726,0.003
58364.5696,OGLE-I,13.727,0.003
58364.64322,OGLE-I,13.729,0.003
58366.48164,OGLE-I,13.727,0.003
58366.53211,OGLE-I,13.729,0.003
58367.5038,OGLE-I,13.727,0.003
58367.56968,OGLE-I,13.737,0.003
58367.659,OGLE-I,13.731,0.003
58368.50763,OGLE-I,13.734,0.003
58368.59116,OGLE-I,13.739,0.003
58368.65764,OGLE-I,13.733,0.003
58369.50033,OGLE-I,13.732,0.003
58369.5938,OGLE-I,13.735,0.003
58369.64172,OGLE-I,13.729,0.003
58370.50903,OGLE-I,13.727,0.003
58370.62067,OGLE-I,13.727,0.003
58370.66731,OGLE-I,13.729,0.003
58371.52899,OGLE-I,13.729,0.003
58371.58711,OGLE-I,13.725,0.003
58372.48267,OGLE-I,13.724,0.003
58372.53308,OGLE-I,13.724,0.003
58372.63336,OGLE-I,13.726,0.003
58373.50608,OGLE-I,13.728,0.003
58373.55757,OGLE-I,13.728,0.003
58375.50093,OGLE-I,13.729,0.003
58375.56757,OGLE-I,13.732,0.003
58375.61665,OGLE-I,13.723,0.003
58376.48343,OGLE-I,13.723,0.003
58376.53156,OGLE-I,13.722,0.003
58376.59645,OGLE-I,13.726,0.003
58377.51878,OGLE-I,13.733,0.003
58377.55869,OGLE-I,13.733,0.003
58377.60081,OGLE-I,13.731,0.003
58382.50045,OGLE-I,13.735,0.003
58382.55115,OGLE-I,13.731,0.003
58382.59875,OGLE-I,13.729,0.003
58382.62378,OGLE-I,13.734,0.003
58383.51583,OGLE-I,13.731,0.003
58383.56293,OGLE-I,13.727,0.003
58383.6096,OGLE-I,13.724,0.003
58384.51339,OGLE-I,13.728,0.003
58384.56308,OGLE-I,13.728,0.003
58384.60568,OGLE-I,13.729,0.003
58384.62925,OGLE-I,13.73,0.003
58385.53634,OGLE-I,13.737,0.003
58385.58363,OGLE-I,13.739,0.003
58385.62724,OGLE-I,13.736,0.003
58386.51609,OGLE-I,13.73,0.003
58387.53644,OGLE-I,13.727,0.003
58390.53892,OGLE-I,13.734,0.003
58392.51684,OGLE-I,13.717,0.003
58392.59689,OGLE-I,13.726,0.003
58393.50301,OGLE-I,13.723,0.003
58393.5498,OGLE-I,13.724,0.003
58393.59481,OGLE-I,13.721,0.003
58394.50363,OGLE-I,13.716,0.003
58394.57003,OGLE-I,13.724,0.003
58397.54502,OGLE-I,13.729,0.003
58398.5173,OGLE-I,13.727,0.003
58399.4897,OGLE-I,13.718,0.003
58399.56058,OGLE-I,13.719,0.003
58401.5519,OGLE-I,13.727,0.003
58404.52648,OGLE-I,13.725,0.003
58409.5092,OGLE-I,13.713,0.003
58409.55656,OGLE-I,13.721,0.003
58410.5469,OGLE-I,13.729,0.003
58411.5493,OGLE-I,13.716,0.003
58412.53819,OGLE-I,13.72,0.003
58413.54668,OGLE-I,13.725,0.003
58414.54244,OGLE-I,13.726,0.003
58415.51271,OGLE-I,13.714,0.003
58416.52389,OGLE-I,13.72,0.003
58418.51563,OGLE-I,13.724,0.003
58419.51184,OGLE-I,13.727,0.003
58424.50385,OGLE-I,13.711,0.003
58425.51919,OGLE-I,13.718,0.003
58521.87699,OGLE-I,13.727,0.003
58522.87152,OGLE-I,13.725,0.003
58523.87544,OGLE-I,13.724,0.003
58524.89096,OGLE-I,13.724,0.003
58526.86468,OGLE-I,13.721,0.003
58529.8708,OGLE-I,13.72,0.003
58531.86791,OGLE-I,13.727,0.003
58532.86838,OGLE-I,13.721,0.003
58533.88287,OGLE-I,13.721,0.003
58534.87894,OGLE-I,13.719,0.003
58535.86065,OGLE-I,13.721,0.003
58536.83673,OGLE-I,13.727,0.003
58536.88576,OGLE-I,13.718,0.003
58537.8765,OGLE-I,13.726,0.003
58539.83372,OGLE-I,13.721,0.003
58539.88388,OGLE-I,13.726,0.003
58540.85597,OGLE-I,13.722,0.003
58540.89646,OGLE-I,13.725,0.003
58544.84077,OGLE-I,13.725,0.003
58546.82087,OGLE-I,13.72,0.003
58546.86156,OGLE-I,13.722,0.003
58546.90137,OGLE-I,13.719,0.003
58547.86955,OGLE-I,13.719,0.003
58548.81494,OGLE-I,13.721,0.003
58548.86379,OGLE-I,13.724,0.003
58549.80934,OGLE-I,13.727,0.003
58549.84975,OGLE-I,13.721,0.003
58550.86073,OGLE-I,13.723,0.003
58550.90013,OGLE-I,13.72,0.003
58551.85844,OGLE-I,13.723,0.003
58551.89759,OGLE-I,13.723,0.003
58552.86991,OGLE-I,13.72,0.003
58553.8029,OGLE-I,13.718,0.003
58553.84623,OGLE-I,13.721,0.003
58554.77739,OGLE-I,13.722,0.003
58554.80929,OGLE-I,13.715,0.003
58554.85942,OGLE-I,13.721,0.003
58554.8995,OGLE-I,13.718,0.003
58555.81084,OGLE-I,13.72,0.003
58555.86657,OGLE-I,13.728,0.003
58555.90982,OGLE-I,13.721,0.003
58556.81787,OGLE-I,13.724,0.003
58556.85788,OGLE-I,13.725,0.003
58556.89809,OGLE-I,13.721,0.003
58557.81402,OGLE-I,13.728,0.003
58557.86205,OGLE-I,13.722,0.003
58557.90429,OGLE-I,13.722,0.003
58558.80552,OGLE-I,13.728,0.003
58558.85313,OGLE-I,13.724,0.003
58558.89272,OGLE-I,13.723,0.003
58559.78783,OGLE-I,13.72,0.003
58559.83601,OGLE-I,13.722,0.003
58559.87633,OGLE-I,13.726,0.003
58559.91606,OGLE-I,13.72,0.003
58560.82142,OGLE-I,13.723,0.003
58560.86114,OGLE-I,13.724,0.003
58560.90053,OGLE-I,13.72,0.003
58561.80077,OGLE-I,13.716,0.003
58561.84351,OGLE-I,13.718,0.003
58561.88268,OGLE-I,13.717,0.003
58562.78653,OGLE-I,13.713,0.003
58562.82781,OGLE-I,13.714,0.003
58562.87403,OGLE-I,13.72,0.003
58563.8042,OGLE-I,13.723,0.003
58563.85238,OGLE-I,13.706,0.003
58563.90023,OGLE-I,13.724,0.003
58564.77625,OGLE-I,13.722,0.003
58564.82655,OGLE-I,13.721,0.003
58564.8758,OGLE-I,13.724,0.003
58564.91591,OGLE-I,13.725,0.003
58565.82015,OGLE-I,13.714,0.003
58565.86004,OGLE-I,13.714,0.003
58565.90436,OGLE-I,13.72,0.003
58566.80622,OGLE-I,13.721,0.003
58566.84615,OGLE-I,13.714,0.003
58566.88711,OGLE-I,13.719,0.003
58567.78586,OGLE-I,13.721,0.003
58567.81473,OGLE-I,13.722,0.003
58567.84843,OGLE-I,13.723,0.003
58567.89385,OGLE-I,13.722,0.003
58573.85625,OGLE-I,13.722,0.003
58573.90558,OGLE-I,13.72,0.003
58574.73804,OGLE-I,13.72,0.003
58574.8472,OGLE-I,13.725,0.003
58574.89561,OGLE-I,13.721,0.003
58575.7379,OGLE-I,13.719,0.003
58575.77794,OGLE-I,13.722,0.003
58575.81679,OGLE-I,13.724,0.003
58575.86369,OGLE-I,13.725,0.003
58575.90361,OGLE-I,13.722,0.003
58576.78164,OGLE-I,13.708,0.003
58576.82704,OGLE-I,13.706,0.003
58576.8657,OGLE-I,13.708,0.003
58576.90653,OGLE-I,13.713,0.003
58577.73973,OGLE-I,13.714,0.003
58577.82438,OGLE-I,13.707,0.003
58577.89079,OGLE-I,13.716,0.003
58578.72268,OGLE-I,13.721,0.003
58578.76024,OGLE-I,13.724,0.003
58578.79967,OGLE-I,13.719,0.003
58578.86505,OGLE-I,13.722,0.003
58578.90766,OGLE-I,13.719,0.003
58579.72642,OGLE-I,13.722,0.003
58579.77459,OGLE-I,13.717,0.003
58579.81037,OGLE-I,13.724,0.003
58579.85837,OGLE-I,13.721,0.003
58579.91269,OGLE-I,13.719,0.003
58580.73397,OGLE-I,13.717,0.003
58580.77272,OGLE-I,13.718,0.003
58580.82017,OGLE-I,13.715,0.003
58580.86398,OGLE-I,13.717,0.003
58580.92196,OGLE-I,13.718,0.003
58581.73848,OGLE-I,13.732,0.003
58581.79709,OGLE-I,13.724,0.003
58581.852,OGLE-I,13.733,0.003
58581.91301,OGLE-I,13.719,0.003
58582.72983,OGLE-I,13.726,0.003
58582.78711,OGLE-I,13.724,0.003
58582.83495,OGLE-I,13.723,0.003
58582.89479,OGLE-I,13.721,0.003
58583.71444,OGLE-I,13.722,0.003
58583.75593,OGLE-I,13.722,0.003
58583.81454,OGLE-I,13.72,0.003
58583.8746,OGLE-I,13.724,0.003
58584.69985,OGLE-I,13.721,0.003
58584.76162,OGLE-I,13.721,0.003
58584.81071,OGLE-I,13.726,0.003
58584.8991,OGLE-I,13.731,0.003
58585.72177,OGLE-I,13.72,0.003
58585.76555,OGLE-I,13.722,0.003
58585.81338,OGLE-I,13.728,0.003
58585.88874,OGLE-I,13.73,0.003
58586.69418,OGLE-I,13.725,0.003
58586.73474,OGLE-I,13.728,0.003
58586.7927,OGLE-I,13.727,0.003
58586.85012,OGLE-I,13.729,0.003
58586.9102,OGLE-I,13.729,0.003
58587.71383,OGLE-I,13.723,0.003
58587.75833,OGLE-I,13.723,0.003
58587.80802,OGLE-I,13.725,0.003
58587.89968,OGLE-I,13.731,0.003
58588.70309,OGLE-I,13.719,0.003
58588.74644,OGLE-I,13.721,0.003
58588.81191,OGLE-I,13.72,0.003
58588.8806,OGLE-I,13.723,0.003
58588.93241,OGLE-I,13.701,0.003
58589.72981,OGLE-I,13.719,0.003
58589.77405,OGLE-I,13.716,0.003
58589.82239,OGLE-I,13.719,0.003
58589.90349,OGLE-I,13.722,0.003
58590.70159,OGLE-I,13.722,0.003
58590.7448,OGLE-I,13.72,0.003
58590.80353,OGLE-I,13.726,0.003
58590.86824,OGLE-I,13.728,0.003
58590.92116,OGLE-I,13.725,0.003
58591.73675,OGLE-I,13.715,0.003
58591.78973,OGLE-I,13.724,0.003
58591.84226,OGLE-I,13.723,0.003
58592.72467,OGLE-I,13.72,0.003
58592.81657,OGLE-I,13.717,0.003
58592.86912,OGLE-I,13.715,0.003
58593.67767,OGLE-I,13.713,0.003
58593.76471,OGLE-I,13.71,0.003
58593.85527,OGLE-I,13.725,0.003
58593.91133,OGLE-I,13.718,0.003
58594.69193,OGLE-I,13.72,0.003
58594.74356,OGLE-I,13.719,0.003
58594.7932,OGLE-I,13.719,0.003
58594.8467,OGLE-I,13.724,0.003
58594.91109,OGLE-I,13.723,0.003
58595.70604,OGLE-I,13.722,0.003
58595.74217,OGLE-I,13.722,0.003
58595.84566,OGLE-I,13.724,0.003
58595.91247,OGLE-I,13.724,0.003
58599.68571,OGLE-I,13.66,0.003
58599.7272,OGLE-I,13.647,0.003
58599.77063,OGLE-I,13.657,0.003
58599.81164,OGLE-I,13.645,0.003
58599.87944,OGLE-I,13.641,0.003
58599.91735,OGLE-I,13.638,0.003
58600.67199,OGLE-I,13.629,0.003
58600.71251,OGLE-I,13.622,0.003
58600.77019,OGLE-I,13.636,0.003
58600.8366,OGLE-I,13.628,0.003
58600.88658,OGLE-I,13.63,0.003
58600.93056,OGLE-I,13.63,0.003
58601.68901,OGLE-I,13.662,0.003
58601.73904,OGLE-I,13.665,0.003
58601.80414,OGLE-I,13.675,0.003
58601.90204,OGLE-I,13.704,0.003
58602.6643,OGLE-I,13.717,0.003
58602.70187,OGLE-I,13.717,0.003
58602.74901,OGLE-I,13.716,0.003
58602.80292,OGLE-I,13.712,0.003
58602.88526,OGLE-I,13.721,0.003
58602.93167,OGLE-I,13.721,0.003
58603.68432,OGLE-I,13.717,0.003
58603.72969,OGLE-I,13.713,0.003
58603.79549,OGLE-I,13.717,0.003
58603.85762,OGLE-I,13.718,0.003
58603.9067,OGLE-I,13.716,0.003
58604.6895,OGLE-I,13.713,0.003
58604.76325,OGLE-I,13.72,0.003
58604.80911,OGLE-I,13.718,0.003
58604.86883,OGLE-I,13.716,0.003
58604.92649,OGLE-I,13.702,0.003
58605.69278,OGLE-I,13.722,0.003
58605.73298,OGLE-I,13.73,0.003
58605.79375,OGLE-I,13.72,0.003
58605.87137,OGLE-I,13.726,0.003
58605.91891,OGLE-I,13.723,0.003
58606.6821,OGLE-I,13.727,0.003
58606.72583,OGLE-I,13.731,0.003
58606.7869,OGLE-I,13.739,0.003
58606.8446,OGLE-I,13.742,0.003
58606.89238,OGLE-I,13.733,0.003
58607.65908,OGLE-I,13.731,0.003
58607.69695,OGLE-I,13.727,0.003
58607.76032,OGLE-I,13.725,0.003
58607.80668,OGLE-I,13.729,0.003
58607.85599,OGLE-I,13.728,0.003
58607.90085,OGLE-I,13.728,0.003
58608.65216,OGLE-I,13.724,0.003
58608.69301,OGLE-I,13.722,0.003
58608.79896,OGLE-I,13.728,0.003
58608.86518,OGLE-I,13.729,0.003
58608.91238,OGLE-I,13.726,0.003
58612.72955,OGLE-I,13.717,0.003
58612.76738,OGLE-I,13.716,0.003
58612.82699,OGLE-I,13.718,0.003
58612.88277,OGLE-I,13.718,0.003
58612.93091,OGLE-I,13.719,0.003
58613.65686,OGLE-I,13.72,0.003
58613.7036,OGLE-I,13.717,0.003
58613.75038,OGLE-I,13.719,0.003
58613.81191,OGLE-I,13.702,0.003
58613.87168,OGLE-I,13.719,0.003
58613.91806,OGLE-I,13.724,0.003
58614.65296,OGLE-I,13.715,0.003
58614.69299,OGLE-I,13.715,0.003
58614.73943,OGLE-I,13.716,0.003
58614.80723,OGLE-I,13.716,0.003
58614.86633,OGLE-I,13.718,0.003
58614.91236,OGLE-I,13.719,0.003
58615.66216,OGLE-I,13.714,0.003
58615.73662,OGLE-I,13.712,0.003
58615.7827,OGLE-I,13.72,0.003
58615.8527,OGLE-I,13.72,0.003
58615.91259,OGLE-I,13.716,0.003
58616.64551,OGLE-I,13.718,0.003
58616.69285,OGLE-I,13.722,0.003
58616.73956,OGLE-I,13.718,0.003
58616.79643,OGLE-I,13.728,0.003
58616.85665,OGLE-I,13.724,0.003
58616.91468,OGLE-I,13.726,0.003
58617.64907,OGLE-I,13.719,0.003
58617.68935,OGLE-I,13.721,0.003
58617.73573,OGLE-I,13.721,0.003
58617.7987,OGLE-I,13.727,0.003
58617.88622,OGLE-I,13.704,0.003
58617.93819,OGLE-I,13.723,0.003
58618.65457,OGLE-I,13.719,0.003
58618.70256,OGLE-I,13.719,0.003
58618.7495,OGLE-I,13.723,0.003
58618.80993,OGLE-I,13.725,0.003
58618.86975,OGLE-I,13.723,0.003
58618.9166,OGLE-I,13.727,0.003
58619.65162,OGLE-I,13.72,0.003
58619.69537,OGLE-I,13.723,0.003
58619.74153,OGLE-I,13.721,0.003
58619.79938,OGLE-I,13.727,0.003
58619.89185,OGLE-I,13.72,0.003
58620.6229,OGLE-I,13.719,0.003
58620.66058,OGLE-I,13.72,0.003
58620.70723,OGLE-I,13.722,0.003
58620.75347,OGLE-I,13.717,0.003
58620.82351,OGLE-I,13.723,0.003
58620.89455,OGLE-I,13.719,0.003
58621.66583,OGLE-I,13.721,0.003
58621.71173,OGLE-I,13.722,0.003
58621.81458,OGLE-I,13.718,0.003
58621.86246,OGLE-I,13.719,0.003
58621.90858,OGLE-I,13.718,0.003
58626.61443,OGLE-I,13.722,0.003
58626.65154,OGLE-I,13.724,0.003
58626.68865,OGLE-I,13.724,0.003
58626.72668,OGLE-I,13.721,0.003
58626.81694,OGLE-I,13.727,0.003
58626.85424,OGLE-I,13.726,0.003
58626.89202,OGLE-I,13.723,0.003
58626.92938,OGLE-I,13.722,0.003
58627.63995,OGLE-I,13.726,0.003
58627.6931,OGLE-I,13.728,0.003
58627.75302,OGLE-I,13.707,0.003
58635.6389,OGLE-I,13.72,0.003
58635.67613,OGLE-I,13.722,0.003
58635.73168,OGLE-I,13.723,0.003
58635.78249,OGLE-I,13.725,0.003
58635.83951,OGLE-I,13.7,0.003
58635.885,OGLE-I,13.721,0.003
58635.92928,OGLE-I,13.716,0.003
58636.59034,OGLE-I,13.721,0.003
58636.63587,OGLE-I,13.724,0.003
58636.68177,OGLE-I,13.721,0.003
58636.73739,OGLE-I,13.725,0.003
58636.79649,OGLE-I,13.703,0.003
58636.84213,OGLE-I,13.725,0.003
58636.88768,OGLE-I,13.703,0.003
58636.93232,OGLE-I,13.72,0.003
58637.59818,OGLE-I,13.726,0.003
58637.64095,OGLE-I,13.726,0.003
58637.69596,OGLE-I,13.729,0.003
58637.7547,OGLE-I,13.728,0.003
58637.80433,OGLE-I,13.709,0.003
58637.85074,OGLE-I,13.732,0.003
58637.89694,OGLE-I,13.722,0.003
58638.62505,OGLE-I,13.721,0.003
58638.67385,OGLE-I,13.726,0.003
58638.79013,OGLE-I,13.729,0.003
58638.8369,OGLE-I,13.725,0.003
58638.88403,OGLE-I,13.706,0.003
58638.93005,OGLE-I,13.723,0.003
58639.68307,OGLE-I,13.728,0.003
58639.7677,OGLE-I,13.729,0.003
58639.8624,OGLE-I,13.727,0.003
58640.57696,OGLE-I,13.723,0.003
58640.6172,OGLE-I,13.724,0.003
58640.6635,OGLE-I,13.728,0.003
58640.72101,OGLE-I,13.728,0.003
58640.78621,OGLE-I,13.73,0.003
58640.8331,OGLE-I,13.709,0.003
58640.87965,OGLE-I,13.723,0.003
58640.91949,OGLE-I,13.719,0.003
58641.63364,OGLE-I,13.729,0.003
58641.69606,OGLE-I,13.734,0.003
58642.57763,OGLE-I,13.72,0.003
58642.77918,OGLE-I,13.724,0.003
58642.83362,OGLE-I,13.721,0.003
58642.88189,OGLE-I,13.72,0.003
58643.5459,OGLE-I,13.719,0.003
58643.59714,OGLE-I,13.726,0.003
58643.64762,OGLE-I,13.727,0.003
58643.7044,OGLE-I,13.727,0.003
58643.76677,OGLE-I,13.729,0.003
58643.81356,OGLE-I,13.728,0.003
58643.85963,OGLE-I,13.726,0.003
58643.90656,OGLE-I,13.722,0.003
58644.57028,OGLE-I,13.728,0.003
58644.61315,OGLE-I,13.726,0.003
58644.66872,OGLE-I,13.731,0.003
58644.72738,OGLE-I,13.729,0.003
58644.77824,OGLE-I,13.726,0.003
58644.82527,OGLE-I,13.725,0.003
58644.87194,OGLE-I,13.728,0.003
58645.66228,OGLE-I,13.687,0.003
58646.59263,OGLE-I,13.723,0.003
58646.63536,OGLE-I,13.724,0.003
58646.68207,OGLE-I,13.725,0.003
58646.73259,OGLE-I,13.722,0.003
58646.77456,OGLE-I,13.723,0.003
58646.81755,OGLE-I,13.704,0.003
58646.86551,OGLE-I,13.72,0.003
58647.60335,OGLE-I,13.726,0.003
58647.64346,OGLE-I,13.722,0.003
58647.69019,OGLE-I,13.722,0.003
58647.74298,OGLE-I,13.721,0.003
58647.79704,OGLE-I,13.724,0.003
58647.83693,OGLE-I,13.721,0.003
58648.59442,OGLE-I,13.721,0.003
58648.6344,OGLE-I,13.724,0.003
58648.68061,OGLE-I,13.724,0.003
58648.73478,OGLE-I,13.726,0.003
58648.78662,OGLE-I,13.726,0.003
58648.83448,OGLE-I,13.725,0.003
58648.88046,OGLE-I,13.72,0.003
58649.58863,OGLE-I,13.724,0.003
58649.62543,OGLE-I,13.72,0.003
58649.68708,OGLE-I,13.723,0.003
58654.88562,OGLE-I,13.728,0.003
58655.63182,OGLE-I,13.728,0.003
58655.72046,OGLE-I,13.723,0.003
58655.80697,OGLE-I,13.702,0.003
58656.61013,OGLE-I,13.723,0.003
58656.65569,OGLE-I,13.701,0.003
58656.71197,OGLE-I,13.703,0.003
58656.76928,OGLE-I,13.723,0.003
58656.82896,OGLE-I,13.704,0.003
58656.8697,OGLE-I,13.721,0.003
58657.55372,OGLE-I,13.724,0.003
58657.61953,OGLE-I,13.725,0.003
58657.66632,OGLE-I,13.723,0.003
58657.71528,OGLE-I,13.724,0.003
58657.77231,OGLE-I,13.728,0.003
58657.81954,OGLE-I,13.707,0.003
58657.86479,OGLE-I,13.725,0.003
58658.5381,OGLE-I,13.719,0.003
58658.59127,OGLE-I,13.729,0.003
58660.51914,OGLE-I,13.716,0.003
58660.55988,OGLE-I,13.723,0.003
58660.62602,OGLE-I,13.723,0.003
58660.67437,OGLE-I,13.727,0.003
58660.72663,OGLE-I,13.726,0.003
58660.78413,OGLE-I,13.725,0.003
58660.83237,OGLE-I,13.728,0.003
58660.88213,OGLE-I,13.717,0.003
58661.55058,OGLE-I,13.721,0.003
58661.62188,OGLE-I,13.723,0.003
58661.68552,OGLE-I,13.724,0.003
58662.56905,OGLE-I,13.723,0.003
58662.61425,OGLE-I,13.723,0.003
58662.66558,OGLE-I,13.731,0.003
58662.7832,OGLE-I,13.724,0.003
58664.51792,OGLE-I,13.718,0.003
58664.57599,OGLE-I,13.722,0.003
58664.6258,OGLE-I,13.705,0.003
58664.67435,OGLE-I,13.722,0.003
58664.7259,OGLE-I,13.724,0.003
58664.77753,OGLE-I,13.718,0.003
58665.5264,OGLE-I,13.716,0.003
58665.62255,OGLE-I,13.725,0.003
58666.52141,OGLE-I,13.721,0.003
58666.56473,OGLE-I,13.722,0.003
58666.61106,OGLE-I,13.72,0.003
58666.66016,OGLE-I,13.722,0.003
58666.71271,OGLE-I,13.717,0.003
58666.78869,OGLE-I,13.718,0.003
58667.49298,OGLE-I,13.72,0.003
58667.54671,OGLE-I,13.719,0.003
58667.59315,OGLE-I,13.719,0.003
58667.64053,OGLE-I,13.719,0.003
58667.69069,OGLE-I,13.703,0.003
58667.73992,OGLE-I,13.722,0.003
58667.78709,OGLE-I,13.701,0.003
58667.83287,OGLE-I,13.72,0.003
58668.49836,OGLE-I,13.718,0.003
58668.57101,OGLE-I,13.715,0.003
58668.62925,OGLE-I,13.722,0.003
58668.68911,OGLE-I,13.725,0.003
58668.73892,OGLE-I,13.703,0.003
58668.78571,OGLE-I,13.723,0.003
58668.83403,OGLE-I,13.722,0.003
58669.48941,OGLE-I,13.715,0.003
58669.52381,OGLE-I,13.725,0.003
58669.57191,OGLE-I,13.721,0.003
58669.61957,OGLE-I,13.726,0.003
58669.68946,OGLE-I,13.726,0.003
58669.73892,OGLE-I,13.727,0.003
58669.78688,OGLE-I,13.731,0.003
58669.83332,OGLE-I,13.726,0.003
58670.4914,OGLE-I,13.724,0.003
58670.52415,OGLE-I,13.724,0.003
58670.56999,OGLE-I,13.728,0.003
58670.62638,OGLE-I,13.73,0.003
58670.68792,OGLE-I,13.732,0.003
58670.7366,OGLE-I,13.731,0.003
58670.78443,OGLE-I,13.731,0.003
58671.65845,OGLE-I,13.719,0.003
58673.573,OGLE-I,13.724,0.003
58673.61804,OGLE-I,13.723,0.003
58673.68431,OGLE-I,13.725,0.003
58673.72904,OGLE-I,13.723,0.003
58673.82434,OGLE-I,13.715,0.003
58673.84248,OGLE-I,13.718,0.003
58674.59385,OGLE-I,13.721,0.003
58674.64002,OGLE-I,13.725,0.003
58674.69365,OGLE-I,13.725,0.003
58674.74503,OGLE-I,13.726,0.003
58674.79435,OGLE-I,13.72,0.003
58674.8387,OGLE-I,13.719,0.003
58675.6058,OGLE-I,13.708,0.003
58675.64491,OGLE-I,13.737,0.003
58675.68466,OGLE-I,13.73,0.003
58675.72371,OGLE-I,13.731,0.003
58675.76065,OGLE-I,13.703,0.003
58675.8067,OGLE-I,13.705,0.003
58675.84358,OGLE-I,13.723,0.003
58676.47322,OGLE-I,13.714,0.003
58676.51148,OGLE-I,13.721,0.003
58676.55074,OGLE-I,13.725,0.003
58676.59784,OGLE-I,13.722,0.003
58676.64411,OGLE-I,13.719,0.003
58676.6866,OGLE-I,13.725,0.003
58676.72384,OGLE-I,13.72,0.003
58676.76201,OGLE-I,13.718,0.003
58676.80011,OGLE-I,13.725,0.003
58676.83661,OGLE-I,13.719,0.003
58677.58918,OGLE-I,13.718,0.003
58677.62233,OGLE-I,13.72,0.003
58677.7757,OGLE-I,13.722,0.003
58681.47841,OGLE-I,13.721,0.003
58681.51691,OGLE-I,13.721,0.003
58681.5551,OGLE-I,13.721,0.003
58681.59036,OGLE-I,13.725,0.003
58681.63648,OGLE-I,13.727,0.003
58681.67558,OGLE-I,13.724,0.003
58681.73829,OGLE-I,13.716,0.003
58681.79288,OGLE-I,13.714,0.003
58682.47246,OGLE-I,13.727,0.003
58682.5121,OGLE-I,13.725,0.003
58682.5501,OGLE-I,13.727,0.003
58682.58995,OGLE-I,13.729,0.003
58682.65561,OGLE-I,13.731,0.003
58682.71043,OGLE-I,13.73,0.003
58682.76323,OGLE-I,13.726,0.003
58682.80172,OGLE-I,13.725,0.003
58683.47366,OGLE-I,13.724,0.003
58683.51615,OGLE-I,13.722,0.003
58683.55904,OGLE-I,13.716,0.003
58683.59853,OGLE-I,13.728,0.003
58683.64803,OGLE-I,13.724,0.003
58683.69038,OGLE-I,13.716,0.003
58683.73415,OGLE-I,13.704,0.003
58683.775,OGLE-I,13.704,0.003
58683.8153,OGLE-I,13.726,0.003
58684.48088,OGLE-I,13.724,0.003
58684.52148,OGLE-I,13.724,0.003
58684.55976,OGLE-I,13.724,0.003
58684.60327,OGLE-I,13.724,0.003
58684.64824,OGLE-I,13.728,0.003
58684.70639,OGLE-I,13.702,0.003
58684.75519,OGLE-I,13.725,0.003
58684.79618,OGLE-I,13.722,0.003
58685.48573,OGLE-I,13.721,0.003
58685.53737,OGLE-I,13.717,0.003
58685.6084,OGLE-I,13.723,0.003
58685.69299,OGLE-I,13.702,0.003
58688.53873,OGLE-I,13.721,0.003
58688.57662,OGLE-I,13.71,0.003
58688.63507,OGLE-I,13.721,0.003
58688.675,OGLE-I,13.726,0.003
58688.75866,OGLE-I,13.719,0.003
58689.48563,OGLE-I,13.72,0.003
58689.52394,OGLE-I,13.719,0.003
58689.56263,OGLE-I,13.723,0.003
58689.61258,OGLE-I,13.722,0.003
58689.6693,OGLE-I,13.72,0.003
58689.72126,OGLE-I,13.718,0.003
58689.76649,OGLE-I,13.723,0.003
58689.80266,OGLE-I,13.716,0.003
58690.47445,OGLE-I,13.722,0.003
58690.51254,OGLE-I,13.721,0.003
58690.55918,OGLE-I,13.718,0.003
58690.6089,OGLE-I,13.706,0.003
58690.66359,OGLE-I,13.729,0.003
58690.70965,OGLE-I,13.729,0.003
58690.74774,OGLE-I,13.724,0.003
58690.7921,OGLE-I,13.719,0.003
58691.47231,OGLE-I,13.727,0.003
58691.51045,OGLE-I,13.729,0.003
58691.54846,OGLE-I,13.736,0.003
58691.58797,OGLE-I,13.73,0.003
58691.63462,OGLE-I,13.736,0.003
58691.68514,OGLE-I,13.728,0.003
58691.73603,OGLE-I,13.723,0.003
58691.77398,OGLE-I,13.723,0.003
58692.47266,OGLE-I,13.725,0.003
58692.51348,OGLE-I,13.728,0.003
58692.5586,OGLE-I,13.722,0.003
58692.67265,OGLE-I,13.702,0.003
58692.71374,OGLE-I,13.72,0.003
58692.75974,OGLE-I,13.718,0.003
58693.47329,OGLE-I,13.719,0.003
58693.51465,OGLE-I,13.721,0.003
58693.5528,OGLE-I,13.721,0.003
58693.64791,OGLE-I,13.722,0.003
58693.68882,OGLE-I,13.705,0.003
58693.75446,OGLE-I,13.723,0.003
58694.47702,OGLE-I,13.727,0.003
58694.51724,OGLE-I,13.725,0.003
58694.55586,OGLE-I,13.71,0.003
58694.59724,OGLE-I,13.727,0.003
58694.6355,OGLE-I,13.734,0.003
58694.67383,OGLE-I,13.728,0.003
58694.76527,OGLE-I,13.728,0.003
58695.47679,OGLE-I,13.726,0.003
58695.51556,OGLE-I,13.721,0.003
58695.55593,OGLE-I,13.727,0.003
58695.60011,OGLE-I,13.727,0.003
58695.65715,OGLE-I,13.735,0.003
58695.70332,OGLE-I,13.731,0.003
58695.75202,OGLE-I,13.725,0.003
58697.54532,OGLE-I,13.72,0.003
58697.58866,OGLE-I,13.715,0.003
58697.66087,OGLE-I,13.716,0.003
58697.71883,OGLE-I,13.717,0.003
58698.47652,OGLE-I,13.721,0.003
58698.51474,OGLE-I,13.719,0.003
58698.5549,OGLE-I,13.726,0.003
58698.60889,OGLE-I,13.73,0.003
58698.65151,OGLE-I,13.699,0.003
58698.69532,OGLE-I,13.724,0.003
58698.74592,OGLE-I,13.721,0.003
58699.47935,OGLE-I,13.727,0.003
58699.51855,OGLE-I,13.715,0.003
58699.57407,OGLE-I,13.731,0.003
58699.62373,OGLE-I,13.728,0.003
58699.66734,OGLE-I,13.724,0.003
58699.70566,OGLE-I,13.725,0.003
58699.75093,OGLE-I,13.725,0.003
58700.47852,OGLE-I,13.726,0.003
58700.51751,OGLE-I,13.729,0.003
58700.57844,OGLE-I,13.726,0.003
58700.61857,OGLE-I,13.728,0.003
58700.67292,OGLE-I,13.706,0.003
58700.71647,OGLE-I,13.707,0.003
58700.75587,OGLE-I,13.727,0.003
58701.47899,OGLE-I,13.733,0.003
58701.51915,OGLE-I,13.726,0.003
58701.579,OGLE-I,13.725,0.003
58701.63574,OGLE-I,13.73,0.003
58701.67402,OGLE-I,13.728,0.003
58701.72527,OGLE-I,13.723,0.003
58701.7634,OGLE-I,13.722,0.003
58702.47847,OGLE-I,13.719,0.003
58702.51901,OGLE-I,13.727,0.003
58702.59263,OGLE-I,13.724,0.003
58702.63124,OGLE-I,13.724,0.003
58702.67893,OGLE-I,13.721,0.003
58702.73473,OGLE-I,13.725,0.003
58703.47964,OGLE-I,13.718,0.003
58703.5204,OGLE-I,13.723,0.003
58703.59623,OGLE-I,13.722,0.003
58704.53515,OGLE-I,13.723,0.003
58704.58026,OGLE-I,13.724,0.003
58704.63609,OGLE-I,13.727,0.003
58704.69927,OGLE-I,13.722,0.003
58708.58587,OGLE-I,13.737,0.003
58708.61543,OGLE-I,13.736,0.003
58708.71522,OGLE-I,13.73,0.003
58709.53686,OGLE-I,13.737,0.003
58710.4786,OGLE-I,13.73,0.003
58710.51945,OGLE-I,13.726,0.003
58711.47759,OGLE-I,13.705,0.003
58711.51751,OGLE-I,13.728,0.003
58711.54303,OGLE-I,13.728,0.003
58711.59049,OGLE-I,13.723,0.003
58711.62994,OGLE-I,13.726,0.003
58711.6709,OGLE-I,13.722,0.003
58711.71451,OGLE-I,13.713,0.003
58712.4944,OGLE-I,13.72,0.003
58712.53454,OGLE-I,13.724,0.003
58712.58716,OGLE-I,13.719,0.003
58712.61064,OGLE-I,13.722,0.003
58712.65112,OGLE-I,13.72,0.003
58713.47659,OGLE-I,13.726,0.003
58713.51912,OGLE-I,13.71,0.003
58713.56259,OGLE-I,13.727,0.003
58713.6045,OGLE-I,13.728,0.003
58713.64383,OGLE-I,13.725,0.003
58713.68464,OGLE-I,13.727,0.003
58713.72296,OGLE-I,13.721,0.003
58714.48111,OGLE-I,13.728,0.003
58714.52437,OGLE-I,13.728,0.003
58714.57082,OGLE-I,13.728,0.003
58714.61669,OGLE-I,13.729,0.003
58715.49661,OGLE-I,13.731,0.003
58715.54028,OGLE-I,13.725,0.003
58715.59477,OGLE-I,13.734,0.003
58715.63658,OGLE-I,13.736,0.003
58715.67619,OGLE-I,13.733,0.003
58715.7176,OGLE-I,13.72,0.003
58715.73705,OGLE-I,13.725,0.003
58716.48507,OGLE-I,13.734,0.003
58716.53587,OGLE-I,13.734,0.003
58716.58723,OGLE-I,13.735,0.003
58716.6323,OGLE-I,13.735,0.003
58716.67726,OGLE-I,13.732,0.003
58716.71696,OGLE-I,13.736,0.003
58717.47859,OGLE-I,13.718,0.003
58717.52029,OGLE-I,13.718,0.003
58717.56443,OGLE-I,13.731,0.003
58717.60578,OGLE-I,13.724,0.003
58717.65556,OGLE-I,13.727,0.003
58717.69699,OGLE-I,13.722,0.003
58718.48608,OGLE-I,13.731,0.003
58718.55001,OGLE-I,13.731,0.003
58718.59006,OGLE-I,13.739,0.003
58718.6313,OGLE-I,13.733,0.003
58718.69908,OGLE-I,13.726,0.003
58719.47739,OGLE-I,13.72,0.003
58719.52166,OGLE-I,13.724,0.003
58719.56314,OGLE-I,13.729,0.003
58719.61382,OGLE-I,13.721,0.003
58719.63763,OGLE-I,13.721,0.003
58719.67654,OGLE-I,13.724,0.003
58721.4871,OGLE-I,13.732,0.003
58721.53021,OGLE-I,13.733,0.003
58721.57931,OGLE-I,13.733,0.003
58721.6305,OGLE-I,13.732,0.003
58721.67444,OGLE-I,13.724,0.003
58722.47943,OGLE-I,13.731,0.003
58722.53516,OGLE-I,13.734,0.003
58722.58519,OGLE-I,13.737,0.003
58722.6319,OGLE-I,13.727,0.003
58722.68229,OGLE-I,13.722,0.003
58722.71629,OGLE-I,13.723,0.003
58723.48342,OGLE-I,13.717,0.003
58723.53531,OGLE-I,13.737,0.003
58723.58776,OGLE-I,13.734,0.003
58723.628,OGLE-I,13.735,0.003
58723.66664,OGLE-I,13.73,0.003
58723.70504,OGLE-I,13.721,0.003
58724.48004,OGLE-I,13.732,0.003
58724.53319,OGLE-I,13.733,0.003
58724.58669,OGLE-I,13.736,0.003
58724.62848,OGLE-I,13.735,0.003
58724.66835,OGLE-I,13.733,0.003
58725.48548,OGLE-I,13.727,0.003
58725.53676,OGLE-I,13.722,0.003
58725.5785,OGLE-I,13.73,0.003
58725.62477,OGLE-I,13.728,0.003
58725.66571,OGLE-I,13.729,0.003
58726.47942,OGLE-I,13.72,0.003
58726.52428,OGLE-I,13.725,0.003
58726.56929,OGLE-I,13.726,0.003
58726.62228,OGLE-I,13.726,0.003
58726.66136,OGLE-I,13.729,0.003
58727.5078,OGLE-I,13.715,0.003
58727.56182,OGLE-I,13.719,0.003
58727.59795,OGLE-I,13.722,0.003
58727.6431,OGLE-I,13.721,0.003
58727.68776,OGLE-I,13.715,0.003
58728.48698,OGLE-I,13.723,0.003
58728.53006,OGLE-I,13.727,0.003
58728.58125,OGLE-I,13.732,0.003
58728.62427,OGLE-I,13.71,0.003
58728.66272,OGLE-I,13.731,0.003
58729.47923,OGLE-I,13.719,0.003
58729.52592,OGLE-I,13.724,0.003
58729.56856,OGLE-I,13.72,0.003
58729.61332,OGLE-I,13.728,0.003
58729.66149,OGLE-I,13.722,0.003
58730.48254,OGLE-I,13.723,0.003
58730.52655,OGLE-I,13.722,0.003
58730.57005,OGLE-I,13.725,0.003
58730.60991,OGLE-I,13.722,0.003
58730.64844,OGLE-I,13.723,0.003
58731.51685,OGLE-I,13.714,0.003
58731.58545,OGLE-I,13.726,0.003
58736.59549,OGLE-I,13.717,0.003
58736.63941,OGLE-I,13.722,0.003
58737.60709,OGLE-I,13.72,0.003
58737.6465,OGLE-I,13.722,0.003
58738.49031,OGLE-I,13.724,0.003
58738.53683,OGLE-I,13.727,0.003
58738.57722,OGLE-I,13.724,0.003
58738.61548,OGLE-I,13.72,0.003
58739.49069,OGLE-I,13.729,0.003
58739.54535,OGLE-I,13.722,0.003
58739.62627,OGLE-I,13.723,0.003
58740.48498,OGLE-I,13.723,0.003
58740.53526,OGLE-I,13.724,0.003
58740.57383,OGLE-I,13.717,0.003
58740.61136,OGLE-I,13.721,0.003
58741.48534,OGLE-I,13.719,0.003
58741.53126,OGLE-I,13.72,0.003
58741.57308,OGLE-I,13.724,0.003
58741.62748,OGLE-I,13.719,0.003
58742.48469,OGLE-I,13.712,0.003
58742.533,OGLE-I,13.724,0.003
58742.57344,OGLE-I,13.724,0.003
58742.6265,OGLE-I,13.723,0.003
58745.59754,OGLE-I,13.712,0.003
58745.61177,OGLE-I,13.711,0.003
58746.54095,OGLE-I,13.718,0.003
58746.55475,OGLE-I,13.72,0.003
58746.56882,OGLE-I,13.715,0.003
58746.6187,OGLE-I,13.723,0.003
58747.48445,OGLE-I,13.719,0.003
58747.50317,OGLE-I,13.718,0.003
58747.53164,OGLE-I,13.715,0.003
58747.57039,OGLE-I,13.714,0.003
58747.58503,OGLE-I,13.714,0.003
58748.48673,OGLE-I,13.724,0.003
58748.50075,OGLE-I,13.725,0.003
58748.57455,OGLE-I,13.723,0.003
58748.6131,OGLE-I,13.722,0.003
58748.62693,OGLE-I,13.727,0.003
58750.5413,OGLE-I,13.73,0.003
58750.55526,OGLE-I,13.719,0.003
58750.56918,OGLE-I,13.729,0.003
58750.61189,OGLE-I,13.723,0.003
58750.62578,OGLE-I,13.715,0.003
58752.48774,OGLE-I,13.731,0.003
58752.56147,OGLE-I,13.706,0.003
58752.57522,OGLE-I,13.722,0.003
58752.6134,OGLE-I,13.72,0.003
58753.5003,OGLE-I,13.725,0.003
58753.54478,OGLE-I,13.72,0.003
58753.58879,OGLE-I,13.72,0.003
58753.62004,OGLE-I,13.713,0.003
58754.48942,OGLE-I,13.723,0.003
58754.52933,OGLE-I,13.722,0.003
58754.57384,OGLE-I,13.708,0.003
58754.6128,OGLE-I,13.717,0.003
58755.48703,OGLE-I,13.729,0.003
58755.53574,OGLE-I,13.731,0.003
58755.57658,OGLE-I,13.724,0.003
58755.61252,OGLE-I,13.722,0.003
58757.49519,OGLE-I,13.725,0.003
58757.53851,OGLE-I,13.72,0.003
58757.55876,OGLE-I,13.723,0.003
58757.60307,OGLE-I,13.718,0.003
58759.52319,OGLE-I,13.717,0.003
58759.56061,OGLE-I,13.717,0.003
58759.57453,OGLE-I,13.717,0.003
58763.51185,OGLE-I,13.729,0.003
58763.52591,OGLE-I,13.706,0.003
58763.53978,OGLE-I,13.723,0.003
58763.58784,OGLE-I,13.719,0.003
58764.5337,OGLE-I,13.721,0.003
58764.57743,OGLE-I,13.72,0.003
58764.58979,OGLE-I,13.726,0.003
58766.49023,OGLE-I,13.719,0.003
58766.53938,OGLE-I,13.72,0.003
58766.57141,OGLE-I,13.715,0.003
58768.49774,OGLE-I,13.727,0.003
58768.54534,OGLE-I,13.726,0.003
58768.56332,OGLE-I,13.726,0.003
58773.49904,OGLE-I,13.727,0.003
58773.55503,OGLE-I,13.724,0.003
58774.50405,OGLE-I,13.715,0.003
58774.57719,OGLE-I,13.713,0.003
58781.50335,OGLE-I,13.73,0.003
58781.54624,OGLE-I,13.726,0.003
58781.55934,OGLE-I,13.724,0.003
58782.53956,OGLE-I,13.725,0.003
58783.50071,OGLE-I,13.728,0.003
58783.54425,OGLE-I,13.725,0.003
58784.51636,OGLE-I,13.727,0.003
58785.50893,OGLE-I,13.715,0.003
58786.5068,OGLE-I,13.718,0.003
58787.51326,OGLE-I,13.726,0.003
